ezgif-frame-156.jpg,standing_left,327.70166,91.35215,-233.29153,340.07944,74.83246,-219.09262,346.96088,74.28981,-219.0639,353.92484,73.71434,-219.06676,323.40784,76.4189,-204.68716,317.6559,76.79023,-204.66864,311.8705,77.26138,-204.67828,370.88657,81.33516,-129.52258,314.12094,85.04147,-58.486603,345.09094,106.650955,-203.14728,321.98196,108.339615,-181.99644,418.90222,167.28535,-123.532265,291.80353,169.32988,19.510548,426.7446,295.58206,-260.1658,283.11752,284.8851,-144.87567,415.5052,217.0436,-438.60056,258.01855,212.20435,-400.57687,405.9435,200.54626,-465.86252,250.4624,193.47015,-436.9386,419.94092,179.92755,-458.1134,245.17772,175.2252,-415.77866,418.3043,184.91454,-434.6534,254.88353,181.59895,-399.74652,401.04095,363.60474,-34.41347,319.0635,363.52255,35.453217,457.82867,476.6509,-168.19525,304.10025,478.9245,21.867254,441.99155,550.97284,101.35207,300.11133,581.1005,197.48828,440.41272,558.62036,124.89857,300.6111,597.9033,206.39491,438.21832,591.5366,52.94614,297.35175,616.87994,106.221756
ezgif-frame-157.jpg,standing_left,326.02692,92.49081,-348.12918,337.90607,74.44073,-335.82077,345.27112,73.682556,-335.8144,352.70694,72.88184,-335.87695,320.6054,76.22592,-324.34598,314.29553,76.601974,-324.23914,307.9575,77.068344,-324.27548,369.8362,79.580124,-238.67456,309.23532,84.51562,-179.20845,344.19992,107.02632,-313.12604,319.5035,108.92861,-295.50375,421.22467,166.07309,-193.90532,283.22134,162.45926,-94.29259,427.4457,298.06458,-315.92178,272.30994,284.89258,-245.83687,413.48065,219.61371,-505.6826,252.30318,225.8482,-513.3437,399.40805,203.79631,-532.7613,248.27022,210.89635,-546.4162,415.34314,178.75946,-525.55096,241.91536,190.23589,-527.544,413.7627,183.29964,-500.6411,252.15674,194.95067,-510.93475,396.2715,353.44003,-20.596367,315.6112,351.6597,21.731583,451.84412,432.25266,-228.69427,285.71747,448.08838,-12.077953,384.87006,443.35052,110.804375,295.04968,529.92993,195.5098,373.43628,438.30832,144.77289,296.84622,539.05884,211.26416,373.60562,469.09875,121.07959,297.01163,569.79333,150.39308
ezgif-frame-158.jpg,standing_left,322.14407,86.75437,-252.19618,335.614,69.97776,-240.1313,342.9066,69.476425,-240.15059,350.27332,68.93463,-240.17416,318.5911,71.31515,-226.75935,312.60056,71.57573,-226.70198,306.5952,71.91613,-226.67755,368.2444,77.08952,-154.01347,309.47714,79.895035,-86.31619,340.51047,102.04937,-222.70897,316.07486,103.3822,-202.82684,418.84952,165.38788,-135.48798,285.7754,163.75087,-7.851717,426.37283,291.0821,-265.45578,276.8325,279.27368,-163.24341,413.6388,214.44987,-452.45026,246.12335,216.57466,-414.46027,401.57486,199.55144,-478.98685,238.72354,200.85098,-448.36743,414.75693,177.8266,-471.57245,232.93272,182.6525,-428.53006,413.49594,182.04047,-447.04346,243.75107,187.68462,-412.49417,395.71063,352.74542,-32.036625,314.99344,350.2888,33.13614,435.7269,475.3896,-71.152985,295.80313,462.43365,64.86983,416.58322,504.8232,245.29584,294.24857,540.5818,284.22293,415.1998,505.228,274.63632,294.40762,550.8444,299.2213,407.0727,536.3613,240.20946,294.22134,575.9622,234.41556
ezgif-frame-159.jpg,standing_left,322.33392,83.4482,-290.0735,336.08505,66.24429,-275.985,343.4545,65.83729,-275.98996,350.88907,65.384476,-275.95462,318.56332,67.38868,-262.3174,312.45206,67.6042,-262.2965,306.3078,67.8958,-262.3172,368.88855,73.176384,-180.0486,308.3544,75.51538,-114.57078,340.52994,98.95786,-257.03418,315.63074,100.077095,-237.54057,417.0257,160.10475,-157.2263,284.78833,160.9341,-28.123943,430.32773,285.3301,-300.34924,275.1962,277.83563,-186.78177,415.09872,212.6028,-500.175,244.9613,216.52635,-449.93207,404.56482,198.51913,-533.11194,237.46677,201.71115,-489.3889,414.32947,176.62616,-522.79254,231.92577,181.91669,-471.06003,412.76086,181.23268,-495.17114,242.14455,187.065,-449.91318,397.93607,350.97873,-30.568535,314.83682,349.5461,31.742455,439.83548,474.41882,-70.3079,297.7534,464.58502,22.975021,424.52734,529.9641,223.21896,294.3266,564.65015,215.03831,423.97845,535.2775,247.93927,294.77997,579.32495,226.02812,416.15536,567.24445,178.77686,290.6151,603.8537,128.31842
ezgif-frame-160.jpg,standing_left,324.03873,84.28101,-325.76294,335.72086,64.73293,-312.24667,343.37384,63.836372,-312.28873,351.08075,62.88889,-312.375,317.1969,66.7545,-305.15042,310.2137,67.17015,-305.09888,303.2177,67.65878,-305.05093,366.9265,70.008286,-212.15915,301.84906,75.57799,-171.45657,342.34558,98.84537,-289.762,315.3379,101.25678,-277.5227,417.2719,156.41647,-178.66048,276.2515,161.36507,-82.93726,433.85287,286.14676,-306.9482,271.96317,286.7939,-224.2986,422.3076,212.0458,-499.55328,238.57492,219.21228,-480.97137,409.86227,198.60777,-525.5981,231.44727,202.66626,-518.2819,422.28693,174.76094,-522.4474,224.1138,180.34544,-501.5961,420.30554,178.5643,-496.96896,235.14119,185.46062,-480.82364,395.49664,359.5606,-20.913979,314.7322,360.68738,21.997128,446.59467,465.97037,-65.10437,296.344,475.36176,57.220882,426.441,490.44577,254.36006,293.09253,553.0476,278.05795,423.1497,489.75443,283.64026,292.2959,562.9047,294.50018,422.7039,518.6392,258.6505,292.66483,587.731,237.05595
ezgif-frame-161.jpg,standing_left,326.6201,86.84764,-333.52594,338.00183,66.85567,-321.64578,345.56232,66.01144,-321.71475,353.19507,65.116486,-321.84155,319.0776,68.69708,-317.20175,311.95242,68.98685,-317.13165,304.82703,69.35082,-317.12207,367.6801,71.40335,-218.0378,301.284,76.34797,-190.70903,343.86288,100.92742,-295.0047,316.56796,103.021,-286.75986,415.78067,153.32516,-177.09056,271.87033,163.68484,-102.563515,438.4695,273.40646,-279.7529,264.64948,291.5117,-224.40456,431.13242,213.71391,-462.94394,228.28444,229.07713,-471.17856,422.43,201.3226,-489.44458,220.4073,213.4805,-507.97504,429.3698,180.2927,-488.63947,213.46164,190.72176,-499.8188,426.43604,183.12358,-462.66504,224.08342,195.3094,-473.56952,393.3723,358.40634,-14.987867,312.68564,361.54758,15.930393,442.50134,463.7324,-93.76538,296.33783,473.79565,57.16847,415.9524,467.81866,230.45657,291.87546,542.9362,260.1582,410.83606,464.23685,261.85934,290.87527,551.26794,275.2012,413.83032,489.42386,256.6566,294.30597,576.84424,226.99628
ezgif-frame-162.jpg,standing_left,332.5513,85.49223,-256.5151,342.8739,67.17799,-238.09938,349.82782,66.45633,-238.13794,356.87595,65.67561,-238.19487,324.5057,68.94459,-235.2854,317.70255,69.286194,-235.29688,310.86615,69.678986,-235.32828,369.17856,71.93238,-119.106636,306.07385,76.495316,-100.62644,347.873,99.89628,-214.3895,322.46463,101.90308,-208.52773,413.70828,155.0037,-85.20403,274.6965,164.76869,-13.814109,429.06525,275.64365,-198.4361,264.0189,291.81433,-146.64445,432.31345,219.15878,-401.29465,225.85681,221.56702,-395.34796,430.95908,206.39633,-431.12817,216.68962,203.56998,-434.93808,438.67746,189.05537,-432.84634,208.41945,180.6312,-422.89316,433.78275,192.03928,-403.73972,218.18826,186.70189,-397.45944,395.52664,367.7265,-12.785787,309.12015,370.65106,13.911065,450.46222,487.61273,-77.51597,298.1268,487.58984,17.807543,438.36234,546.64136,217.48239,292.86,592.346,206.49039,436.12485,551.00214,242.63005,291.02734,607.2675,217.15912,435.72058,583.97394,177.13017,298.23743,630.848,108.3065
ezgif-frame-163.jpg,standing_left,335.10876,84.49554,-276.1703,344.4552,67.452736,-260.19293,351.2947,67.216644,-260.1577,358.27118,66.896126,-260.37085,326.49188,67.88727,-256.07,319.55222,67.642105,-255.9994,312.5848,67.50154,-255.9128,367.81784,74.406395,-149.9819,305.5591,74.6075,-123.83131,348.35074,100.013954,-235.9934,322.87122,100.24361,-228.1666,412.58212,154.63345,-92.313896,266.331,165.7742,-55.19755,439.60022,259.36615,-28.060455,250.9747,298.86353,-184.09352,445.84644,339.25018,-68.70209,219.48734,225.66563,-437.90543,453.7932,360.18085,-66.72559,213.57556,204.23524,-473.6333,448.98788,362.19217,-89.46813,206.70973,184.47134,-470.18475,441.44446,355.28125,-75.03044,218.01881,192.93404,-441.7594,390.15314,358.31818,-7.986887,302.4155,364.6241,8.715786,461.30182,457.46915,-246.91771,282.80856,513.98035,-28.752958,395.55252,448.44052,110.74655,265.17667,544.1582,248.12659,385.40823,437.54718,148.5268,263.5281,542.85785,274.48016,380.67346,467.35794,148.91139,267.27832,577.19604,264.50113
ezgif-frame-164.jpg,standing_left,335.62854,83.23119,-304.5328,345.38235,66.2348,-290.1103,352.1458,66.097015,-290.08,359.04706,65.893394,-290.22836,327.28036,66.47598,-287.6371,320.4424,66.22258,-287.5686,313.5602,66.081276,-287.53354,368.80695,73.4303,-178.43779,306.40286,73.1165,-157.84087,348.68958,99.22734,-262.86307,323.48853,99.156105,-256.5426,415.93506,151.93242,-125.424675,265.61496,166.05992,-81.55185,442.497,247.11816,-143.31021,250.99005,294.9703,-199.28017,439.13577,278.16187,-304.23193,213.53905,223.51917,-458.75275,440.96512,291.88678,-329.5992,204.68036,204.5143,-501.18588,436.0019,282.5068,-348.698,199.65578,183.06534,-502.22632,431.80188,277.98047,-314.00186,211.05707,189.42319,-465.34103,396.76947,355.68405,-8.791615,308.87064,363.59076,9.578793,458.3289,450.3234,-234.29399,293.71982,499.3373,-25.322151,398.69995,463.18784,111.30696,276.2045,560.333,225.11134,388.24173,457.83527,144.87842,274.10297,564.92633,246.63106,388.43936,484.84863,121.69763,278.3059,599.269,202.5947
ezgif-frame-165.jpg,standing_left,341.41925,80.60077,-307.44482,350.3094,63.384277,-290.0778,356.9951,63.1388,-290.08145,363.80493,62.837276,-290.22183,331.8699,63.8536,-291.50903,324.728,63.70777,-291.4389,317.58176,63.651123,-291.48413,371.4769,70.37335,-174.05464,308.11746,70.944244,-171.93571,353.74884,96.02108,-264.19708,327.95828,96.31949,-263.20514,413.52295,149.70442,-126.7938,266.61996,163.76869,-103.23259,438.81882,249.28888,-186.34142,254.05421,284.1899,-226.45692,448.98056,266.09174,-384.44022,221.56032,208.15598,-459.7629,454.76224,275.05865,-418.40192,211.90065,186.38237,-501.3668,449.96954,264.82523,-431.7025,208.08873,168.8315,-497.69803,443.67868,260.93427,-393.75046,219.20789,175.26936,-464.48062,393.78455,354.21683,-7.736956,308.75943,361.92297,8.689514,438.3182,465.8462,-182.62459,292.03085,491.57416,-66.62507,408.32224,496.14636,158.54369,275.08716,548.79614,196.46683,402.73282,495.95862,189.90256,272.41348,552.82654,218.1872,405.49402,522.85583,157.63174,277.49963,584.148,170.45288
ezgif-frame-166.jpg,standing_left,341.9181,77.31325,-292.7064,351.09302,60.742752,-273.6507,357.95874,60.87899,-273.64468,364.95618,60.937584,-273.82596,332.5489,60.234432,-274.1384,325.20258,59.683426,-274.07376,317.83038,59.25213,-274.05133,372.02197,68.73416,-152.32562,307.67548,66.11306,-146.03249,353.4096,93.7171,-247.91241,327.28275,92.762085,-245.655,414.91763,146.3167,-84.20322,261.28958,160.60454,-82.06952,446.17267,236.55608,0.10212389,241.13022,291.56168,-209.7173,446.54712,304.83258,-47.529243,208.85506,213.90578,-444.98026,452.4129,325.48846,-49.741985,200.11113,192.44907,-481.2918,444.06216,325.22095,-72.83165,196.8543,171.99434,-473.44504,437.45688,318.33368,-54.840057,209.09471,180.56664,-446.6161,395.97867,352.71213,-0.7941498,303.94968,359.54996,1.7345781,456.84793,469.8697,-231.78395,296.81528,494.7595,-50.372837,410.08292,497.27142,147.8771,271.14496,552.5375,255.67302,400.15167,493.33362,186.67993,266.82584,556.7108,283.54117,403.57425,530.081,167.47614,275.06577,590.2616,243.07513
ezgif-frame-001.jpg,lift_up,179.97728,247.82727,-28.727015,172.29599,239.09644,-54.1781,172.9572,237.76205,-54.228046,173.60257,236.24956,-54.321003,170.9548,237.78291,-24.586525,170.78387,235.46301,-24.571299,170.77708,233.20642,-24.555725,181.82185,223.1575,-113.24173,177.34372,219.69864,22.702145,193.19963,244.70636,-43.939106,191.84993,243.21613,-4.6630926,244.12282,228.8272,-171.50719,252.8107,214.952,139.49727,239.80887,324.91766,-206.15134,262.23886,302.25427,170.20567,234.62166,412.32632,-182.70424,255.3085,374.92575,81.45139,211.09505,421.8406,-221.48798,232.2139,372.5105,83.37811,210.14384,412.70795,-184.76254,229.47624,379.55054,41.596397,219.18956,409.33255,-169.89842,238.543,383.1187,61.492355,413.71713,255.40833,-97.38668,411.82065,247.7894,97.296745,529.7953,318.50708,-25.68882,523.945,308.5584,140.24315,646.80585,352.9073,49.410336,631.7926,344.7923,228.33032,671.6316,345.52676,53.039497,654.68774,340.5549,235.45396,638.0845,395.19952,-15.455959,632.5169,390.15924,186.22644
ezgif-frame-002.jpg,lift_up,178.54338,250.29059,-29.364449,170.63927,241.45801,-54.6573,171.3125,240.06526,-54.703636,171.97038,238.49356,-54.812637,169.20041,240.16199,-25.680187,168.96658,237.83836,-25.672808,168.89598,235.58487,-25.6686,180.23315,225.07773,-112.76137,175.4125,221.71672,20.066431,192.07822,246.85443,-44.2139,190.57066,245.47342,-5.859719,243.88536,229.97385,-168.56165,252.13329,216.54005,134.89081,241.21657,326.30704,-199.64307,262.2072,303.1161,166.28574,234.57002,412.7738,-176.63008,254.58951,375.00995,81.473305,210.57735,422.09384,-214.0813,231.05124,372.19928,82.73395,209.35602,412.95895,-178.78769,228.44931,379.4263,43.022926,218.48692,409.71844,-164.35822,237.66733,383.01154,62.179253,414.30118,256.04764,-94.527,412.1015,248.90204,94.411354,531.0646,319.68878,-22.994997,524.327,310.66138,136.61595,647.6972,353.21646,49.64318,632.16547,347.10773,221.38715,672.29425,345.80493,53.158005,654.6988,343.02853,228.18233,639.66833,395.1141,-14.366862,634.37585,391.95837,179.61197
ezgif-frame-003.jpg,lift_up,179.36421,248.95282,-27.825275,171.37982,240.18431,-52.965492,172.05614,238.85051,-53.015976,172.72096,237.3338,-53.1344,169.87292,238.85927,-23.652605,169.5907,236.5291,-23.646738,169.47302,234.26038,-23.643375,180.6543,224.1373,-110.020096,175.6463,220.64412,24.266047,192.61432,245.70314,-42.092045,191.06052,244.22473,-3.358097,243.5175,229.25499,-168.7104,251.67076,214.99457,143.44824,241.54997,325.53464,-205.17958,261.5917,303.22897,173.54433,234.9017,411.93652,-181.95073,253.95354,376.25037,81.00106,210.18596,421.1127,-219.88687,229.93721,373.32077,82.48521,209.19705,411.6126,-182.4072,227.26913,380.8166,40.96625,218.59132,408.29922,-168.63737,236.63138,384.55542,61.0332,413.5113,254.71573,-97.417404,411.6937,246.88326,97.313446,530.17236,318.43906,-22.880672,524.7657,310.05798,133.96875,647.35016,353.2362,52.901825,633.91864,347.9402,218.59367,671.96185,345.45203,56.74038,656.8893,343.70648,225.2287,639.11365,395.49533,-10.829142,634.99774,394.4845,175.03497
ezgif-frame-004.jpg,lift_up,174.63872,250.1274,-35.01913,167.77217,240.37791,-60.02812,168.70451,239.007,-60.071022,169.61595,237.47536,-60.183384,166.11034,239.12903,-30.98597,165.90881,236.91223,-31.02247,165.86336,234.7683,-31.045994,179.25372,224.76791,-116.645676,173.4154,221.36186,15.740869,188.70932,247.57124,-49.342487,186.91838,246.35477,-11.110733,245.04419,233.73387,-166.69453,249.68497,219.31564,129.2179,246.28967,327.4723,-200.13203,261.70816,303.6343,164.33022,233.62863,412.6248,-179.18404,252.75351,375.5738,78.95021,210.442,423.10352,-216.5563,230.53229,374.7746,77.68582,208.00662,413.8211,-183.94499,228.17725,380.80194,39.686783,216.91739,410.0587,-168.07137,237.38777,383.3255,60.29874,414.57416,258.63425,-92.15918,411.34814,251.63272,92.078636,528.61414,320.92203,-22.140402,524.3902,311.80023,128.82579,645.5163,355.72446,52.976254,634.5939,347.18262,211.79936,670.5765,349.40717,55.66357,658.26715,343.74658,217.93001,635.2386,398.4161,-15.221434,632.40906,392.4948,166.91313
ezgif-frame-005.jpg,lift_up,174.66257,250.08453,-37.191517,167.58948,240.53659,-61.843956,168.4736,239.13681,-61.89584,169.34291,237.57468,-62.017117,165.97444,239.48607,-33.057076,165.77696,237.32176,-33.075317,165.73253,235.22466,-33.075466,178.82762,224.85052,-116.34029,173.18782,222.0495,14.939329,188.63008,247.32353,-50.878956,186.9242,246.28317,-13.010401,244.52115,233.53517,-169.55075,250.04695,219.39012,130.07773,245.10345,326.5597,-207.73576,262.87762,304.13132,162.31493,233.95811,411.47397,-190.20319,254.0939,376.35605,74.73091,210.28468,421.4564,-228.9843,231.40175,375.1708,73.694824,208.37273,412.1189,-194.75385,228.95793,381.37808,34.50407,217.48407,408.60953,-178.55919,238.16576,384.02402,55.58022,412.54108,258.88477,-92.89181,409.3102,251.99484,92.83502,526.9535,320.28897,-25.979378,523.05005,311.3711,123.165405,643.3143,355.50806,47.218357,632.9256,346.67447,204.26826,668.0103,349.02213,50.063854,656.0343,343.43317,210.18341,633.8268,397.07523,-20.437418,631.98236,390.34256,157.9033
ezgif-frame-006.jpg,lift_up,174.75055,247.15707,-37.210278,168.17348,237.6111,-62.630836,169.12408,236.2747,-62.682766,170.05417,234.76865,-62.812294,166.53114,236.33275,-32.392956,166.40729,234.0973,-32.401627,166.44055,231.93271,-32.411877,180.0522,222.29837,-119.45241,174.44104,218.97363,18.339392,188.88814,244.80731,-51.675266,187.16792,243.57991,-11.912008,246.70924,232.79193,-175.93459,250.84024,218.01836,135.28224,248.70155,326.42856,-214.57681,261.50302,304.65308,162.97972,238.88542,413.03433,-201.06493,253.87245,377.04523,68.35381,214.16661,422.35623,-242.49025,230.26363,374.376,66.994316,212.15685,412.55887,-205.60402,228.19958,381.09695,25.112316,221.34576,409.3783,-188.51553,237.58469,384.49487,47.952732,414.00433,259.45993,-97.43951,410.5751,251.70001,97.393295,529.0348,320.91544,-25.365236,523.9914,312.59406,133.1591,645.3234,356.23013,50.988224,634.8482,347.7653,219.38052,669.647,349.80115,54.272015,657.8967,344.6578,225.96957,635.61707,397.29285,-17.0742,634.08936,391.5476,171.72607
ezgif-frame-007.jpg,lift_up,174.3634,247.2347,-38.4091,168.0518,237.54456,-62.557106,169.07849,236.17212,-62.610134,170.07863,234.63728,-62.75415,166.3002,236.58664,-33.192043,166.15126,234.50116,-33.20672,166.16238,232.48077,-33.20131,180.31898,222.36157,-115.949165,174.27507,219.95142,17.980495,188.63406,244.94829,-51.983208,186.75867,244.08577,-13.35629,247.11272,232.94917,-172.85844,250.4536,217.88379,133.61652,246.77617,324.52917,-214.88365,259.03558,305.11523,159.3198,238.3626,410.22668,-202.79868,251.43123,378.10236,65.45827,214.90205,420.14413,-244.21512,228.38503,377.037,63.360683,213.2272,410.93845,-209.38475,227.11919,382.79767,21.99725,222.33853,407.54614,-191.23747,236.6789,385.3974,45.143745,418.33768,256.15146,-96.37109,413.44223,248.35278,96.352516,533.2967,320.8442,-38.02026,526.4888,310.53748,125.72699,651.0245,356.9692,27.172028,639.5855,346.5784,203.52802,676.98816,350.93845,28.369625,664.652,343.64886,209.02174,635.80334,401.47757,-45.512466,632.8573,394.72226,156.86253
ezgif-frame-008.jpg,lift_up,183.2044,251.96375,-25.31233,174.34224,243.3356,-51.824005,175.01994,241.90341,-51.892258,175.68562,240.2932,-52.047768,172.53436,241.91502,-22.109488,172.01495,239.57932,-22.126083,171.66217,237.30035,-22.138542,183.33342,226.5575,-112.79537,177.26482,222.85,22.845985,196.85684,248.14482,-41.170635,194.84088,246.72258,-2.0411868,248.25194,228.97923,-172.48538,252.31303,216.05862,138.78743,246.00067,325.22498,-216.59967,259.75046,304.4551,175.01457,235.83,409.82568,-198.22986,250.90662,376.71637,92.30778,212.61023,420.69702,-236.45293,228.2173,376.83347,92.751076,211.03564,411.46332,-203.64108,225.71448,382.4145,55.134537,219.84096,407.4297,-187.28313,234.83221,384.82465,73.5957,422.7326,250.0954,-95.926506,418.14758,244.3287,95.8729,536.3102,318.11072,-37.317295,528.96643,312.33398,123.2013,651.57056,358.88364,26.477161,638.46454,353.81332,197.68156,676.7146,353.44193,28.654488,661.9179,351.16428,202.68079,640.5333,402.5275,-39.778725,638.2201,400.71533,151.08694
ezgif-frame-009.jpg,lift_up,192.05234,255.31932,-36.123695,185.04955,244.81096,-62.394516,185.91992,243.00342,-62.42877,186.73828,241.05457,-62.550503,183.6707,244.25763,-30.97171,183.64421,242.18877,-30.952597,183.79514,240.18579,-30.88964,196.91151,226.71872,-118.90741,192.24294,226.39702,22.80992,206.54169,251.93913,-51.469517,204.95567,251.39903,-10.539485,261.55295,233.23221,-173.95668,265.75708,223.20001,130.88179,248.15385,329.76312,-227.49492,263.52484,312.92725,160.79616,231.00346,409.95016,-246.29474,252.48836,380.08572,97.2514,205.8907,420.58344,-292.91302,227.72227,380.79614,99.66041,204.78322,410.60458,-261.81458,227.39558,384.74963,63.282757,214.17827,407.46063,-237.73566,237.14603,387.21558,78.77418,430.42847,235.25745,-94.2188,425.38718,232.90271,94.37661,539.1407,307.05988,-63.94097,534.224,304.60684,111.2172,655.53534,354.1269,-29.35941,646.06354,345.75604,170.15536,681.0971,351.96414,-30.729647,669.0886,344.29495,173.73204,642.88007,402.9426,-107.47069,647.1956,391.57495,116.05559
ezgif-frame-010.jpg,lift_up,194.4591,258.15146,-47.342567,187.33356,248.22527,-72.16108,188.21881,246.39098,-72.1879,189.05457,244.42294,-72.31872,185.77151,247.70433,-41.834576,185.63472,245.63791,-41.810627,185.68245,243.64586,-41.756744,199.56819,229.68867,-125.23469,194.39705,229.47697,11.370262,209.60237,253.94522,-62.024323,207.85345,253.53973,-22.596622,266.77573,232.57321,-185.87256,269.00665,222.88422,118.25079,251.36517,329.19394,-244.3253,262.38074,312.48734,147.3663,233.21649,410.16782,-269.88846,250.72617,378.21664,84.4256,207.41495,420.98447,-319.65564,225.60332,378.4087,83.37519,207.16937,411.4206,-289.80603,225.888,381.56924,47.07928,216.88765,408.33682,-262.3815,235.91069,383.97516,65.5325,437.39914,229.94057,-93.82905,431.22333,228.35576,93.992485,546.71075,306.52304,-58.550426,538.5038,302.4039,111.38923,662.0815,357.03323,-27.182055,647.8275,346.2746,170.5817,687.8382,354.965,-28.476643,670.6376,345.6916,174.2764,649.2122,408.48212,-106.04287,648.56104,392.88025,116.1507
ezgif-frame-011.jpg,lift_up,211.31023,265.48724,-26.070126,202.62985,256.9142,-50.941795,203.15787,254.96011,-50.999546,203.64296,252.86734,-51.13673,201.34953,256.674,-21.13452,201.06609,254.6309,-21.113422,200.96333,252.60884,-21.121479,211.8899,237.02145,-108.56876,207.98526,238.28127,25.931955,225.11542,259.45413,-42.70992,223.76787,259.46155,-3.686456,276.59464,231.28062,-177.30397,277.36536,225.61703,124.75694,256.9909,330.23288,-244.25336,260.32544,316.65186,156.01768,232.96272,407.6611,-268.5036,246.68335,379.16394,95.691,205.86414,421.74316,-318.3726,221.56432,381.1896,99.27107,204.62645,409.18073,-286.5303,222.82465,380.36298,63.79044,214.69633,404.93893,-259.17923,232.27007,381.18057,77.97567,448.12424,210.08867,-95.22519,442.71692,211.12157,95.443985,557.00885,298.2366,-71.93382,544.61816,297.24973,107.672844,672.3077,355.67807,-49.988346,653.4758,347.9576,157.103,698.6484,355.30634,-53.352184,677.0468,350.0396,158.66151,658.71326,412.24887,-135.45695,651.00806,396.5659,100.31221
ezgif-frame-012.jpg,lift_up,220.16559,270.89655,-24.835163,211.18776,263.12872,-49.728516,211.57263,261.0494,-49.783646,211.91003,258.838,-49.95748,210.10516,263.31577,-20.778227,209.85056,261.43527,-20.76405,209.77945,259.56702,-20.758455,218.85478,243.02931,-107.013016,215.7882,245.46075,23.746346,233.10849,264.20816,-40.749813,232.10104,264.47052,-2.8025675,280.9739,234.87425,-170.81392,281.25507,228.24886,121.15388,262.78754,332.24103,-236.51054,264.5135,315.2473,154.86249,234.02719,410.47864,-265.58047,251.22473,376.49023,100.44186,204.68007,425.2467,-315.40576,225.12819,378.6207,107.172554,201.73259,412.99426,-282.85852,226.64809,378.99054,71.94649,212.82669,408.83673,-256.27,236.51657,379.8155,83.504196,451.7317,204.63338,-93.84528,445.91928,204.82764,94.032555,554.3948,290.2737,-72.02015,544.0211,290.31384,114.740005,665.9807,349.91324,-49.63011,646.78015,341.7968,165.31789,692.6193,350.16107,-52.73384,670.8649,343.62723,167.49686,650.5197,407.33035,-126.24528,641.54034,395.03198,119.92774
ezgif-frame-013.jpg,lift_up,237.72841,275.6333,-17.756283,228.25288,269.0066,-41.084988,228.25894,266.82504,-41.124866,228.22621,264.53088,-41.304073,227.9733,270.04672,-12.345875,227.89992,268.7798,-12.364675,228.00977,267.45883,-12.388045,233.43073,249.79735,-95.04941,232.99255,255.10059,35.802155,248.40945,268.5684,-33.65779,248.30261,270.09998,4.506276,287.99268,238.69724,-156.82796,287.05405,234.54242,115.701385,265.48373,337.29663,-231.78017,260.55197,318.30127,146.04564,234.65492,410.23523,-265.85468,242.8408,378.0092,85.341446,212.01198,426.27234,-314.7041,221.59576,384.19763,88.75738,207.18091,415.29538,-286.76056,221.67627,381.2434,56.07055,215.79369,410.97635,-258.6533,229.64546,379.88422,69.05211,454.46814,195.37823,-90.87422,448.59796,196.69826,91.06803,557.32056,284.60934,-90.26723,542.1597,283.7278,109.81646,675.2883,354.92746,-82.787315,641.5047,339.21967,159.03427,702.01483,357.77402,-86.77891,665.03986,342.07147,160.68527,664.80396,414.85986,-166.8214,636.9824,392.75592,104.97909
ezgif-frame-014.jpg,lift_up,248.2203,281.83057,-13.061938,239.15817,274.76733,-33.13497,239.12791,272.32672,-33.153736,239.05818,269.76953,-33.33027,238.93932,276.38654,-3.067078,238.91405,275.43015,-3.133327,239.07294,274.37463,-3.142872,244.42029,254.21785,-83.75093,244.59671,261.57526,53.515816,259.0782,273.7943,-28.992393,259.03003,276.3655,11.056402,297.06186,239.20384,-145.86449,299.23917,241.59216,130.32416,276.09906,336.32587,-228.13547,278.7392,321.82538,164.96677,233.08571,412.77393,-250.12321,251.66685,381.04242,90.87572,210.92973,429.64307,-295.79416,231.42181,388.4678,97.32761,205.5408,421.59042,-266.34787,230.27574,386.624,63.42201,214.57913,416.62778,-241.89604,238.11816,384.55328,73.948616,460.72083,187.9714,-90.43346,455.70294,193.41718,90.66411,551.0921,284.7109,-97.21462,539.3173,281.26843,104.51892,670.7373,358.49036,-85.17086,640.1028,339.36694,160.66766,697.3845,362.46783,-88.73929,663.5874,343.252,162.83162,665.51495,417.3725,-170.05084,638.84906,389.2441,105.22849
ezgif-frame-015.jpg,lift_up,253.99008,286.51035,-21.118782,244.63779,279.78076,-41.55903,244.57806,277.31174,-41.57857,244.49582,274.73676,-41.776024,244.3229,281.50302,-11.393486,244.21614,280.6237,-11.463334,244.28873,279.64514,-11.450693,249.36148,259.1695,-91.33202,249.1305,266.75748,45.578346,264.57465,278.07153,-36.62225,264.46838,280.73352,3.384296,301.1547,243.26013,-152.91405,300.97632,244.05363,125.35786,276.6682,340.8759,-242.68712,278.21277,319.9504,165.1357,228.62016,417.51624,-267.0157,251.10966,376.93048,88.28401,208.20561,433.9715,-313.8287,233.83138,384.85977,93.85081,202.86452,427.44083,-286.78812,232.3776,381.9549,61.04365,211.45988,422.3659,-259.85483,239.51503,379.40195,71.9431,463.6271,185.75453,-91.79662,456.37347,192.12088,92.02698,553.20703,285.38406,-104.606,536.644,279.94943,103.178734,673.4778,361.00778,-93.28328,635.91925,340.6013,156.51257,701.00745,365.14572,-97.49085,660.20544,345.34406,158.13469,667.0159,423.25256,-183.38043,631.5132,392.76324,99.40391
ezgif-frame-016.jpg,lift_up,267.05948,295.82794,-13.902955,255.76067,290.68472,-34.060658,255.04985,288.30133,-34.069195,254.30965,285.81137,-34.25812,256.52402,292.3284,-5.3133388,256.5212,291.52737,-5.4019976,256.69727,290.61377,-5.417906,256.45856,269.3453,-80.63447,259.9435,277.44116,50.923637,275.8807,285.85107,-28.078165,277.0712,288.4565,10.479288,302.16156,245.98366,-140.92735,307.62225,250.99374,128.60736,276.9922,339.22403,-243.69258,284.50275,326.48947,174.72044,231.61063,408.57867,-262.83932,252.48116,382.50607,88.990234,214.6282,423.2709,-306.736,237.14201,391.03946,92.25148,209.76608,417.62082,-283.22162,233.6944,387.6416,60.296387,217.50278,412.97125,-256.68253,240.3987,384.11264,72.935036,466.9724,178.99931,-91.35073,462.09286,188.73546,91.55908,554.70953,278.9249,-105.260574,537.1761,277.8313,98.15439,675.5836,348.0871,-94.786026,633.87006,340.37967,145.57845,703.13354,349.50256,-99.658775,659.0405,344.21237,146.44774,672.23895,413.21945,-185.7476,628.57294,398.1535,88.07744
ezgif-frame-017.jpg,lift_up,269.54276,297.2572,-16.85561,258.2795,292.2576,-37.429073,257.80078,289.8322,-37.44602,257.30893,287.3,-37.637997,258.284,294.0122,-9.060412,257.95886,293.25745,-9.132855,257.8078,292.3831,-9.136231,259.83768,271.0183,-85.43026,260.58466,279.39447,43.75938,278.78204,287.3046,-31.526731,279.1392,290.19266,6.3093414,305.6699,248.10184,-145.55475,307.91248,251.71292,122.07621,275.18558,343.5473,-244.76485,282.37268,326.7591,164.90544,226.55695,410.4585,-261.59222,249.34026,382.80792,78.44615,210.3171,425.0335,-306.42554,234.70709,391.99963,80.8033,205.32811,419.52216,-284.60907,231.49445,388.0897,49.77363,212.87662,414.84918,-256.4853,237.81525,384.37408,62.38732,469.8016,180.41031,-92.27182,463.11713,189.25914,92.503235,554.75977,281.65738,-106.09437,535.1535,278.88797,96.916626,675.9445,350.1481,-95.90482,634.9989,339.69608,144.50922,703.67035,351.92896,-101.26959,659.82166,343.35947,145.37233,670.6188,414.05664,-188.57129,630.17566,396.20807,87.94858
ezgif-frame-018.jpg,lift_up,274.96283,297.30164,-23.119774,263.08047,293.24536,-42.97032,262.26123,290.77655,-42.97797,261.43457,288.2029,-43.170357,263.7756,295.30432,-16.43848,263.60416,294.69702,-16.48682,263.61252,293.99255,-16.472172,262.6611,271.48584,-85.04795,265.62225,281.00558,36.43515,283.17725,286.24686,-35.414288,284.37564,289.26883,0.22142619,306.29968,244.95587,-141.12807,309.39206,251.31006,113.32696,279.18762,338.4252,-243.04178,284.57202,325.77844,158.33052,231.23355,406.92783,-266.0892,249.46199,382.27466,80.53779,216.30103,421.70773,-309.76932,235.3429,392.2547,81.335625,211.20474,416.99896,-291.69843,231.49875,388.0428,52.92987,218.391,412.1964,-262.63226,237.82648,383.2868,65.53584,472.97592,176.2665,-87.264885,465.90228,187.93062,87.4612,561.3819,281.14276,-107.48447,539.5071,276.0027,91.04398,684.93146,355.97134,-111.27393,636.926,334.19183,132.22557,713.3511,359.24274,-118.012634,660.85675,336.92737,132.656,683.78516,422.37604,-206.48883,637.1416,391.92322,76.8153
ezgif-frame-019.jpg,lift_up,281.3199,304.39066,-2.9354165,268.71402,301.12112,-23.137503,267.66812,298.73184,-23.144436,266.59845,296.22308,-23.360458,269.51172,302.91165,4.3535824,269.19794,302.17618,4.277721,269.0651,301.3002,4.2373543,265.8265,279.41196,-68.9563,269.45956,288.084,57.32244,288.28625,292.94968,-15.814826,289.6014,295.6657,21.120806,304.23148,250.87572,-123.741745,308.6569,254.28772,136.74304,277.4383,344.21667,-231.65285,284.35132,329.6624,183.51624,228.19455,414.3391,-244.12895,251.26765,383.22537,82.46649,209.7673,427.53937,-286.5005,235.15132,389.67984,85.86269,204.40698,422.12283,-258.61298,232.0347,387.99695,51.007103,212.9194,417.81488,-235.84573,239.37401,385.8104,65.44195,469.54953,179.27347,-89.29216,465.10013,186.81747,89.44452,553.30066,279.89722,-98.859116,539.5565,277.83704,93.59148,678.4878,349.99042,-88.87374,639.2437,337.34705,147.80151,704.8052,351.6134,-93.48043,663.4504,340.32916,149.26955,677.518,411.29962,-174.12238,636.44745,392.90082,93.43279
ezgif-frame-020.jpg,lift_up,279.1659,302.8248,-9.812349,267.23734,298.98157,-28.933043,266.3354,296.5072,-28.952333,265.4096,293.91867,-29.17094,267.8166,300.86035,-1.1856437,267.49814,300.0707,-1.2502532,267.3685,299.1616,-1.2492013,265.54095,276.94427,-73.17926,268.40472,285.6108,54.102295,286.89087,291.3833,-22.36651,287.91895,294.12057,14.858602,305.7351,249.03568,-128.37949,309.55054,253.24797,135.78981,279.1668,341.14804,-237.4449,284.99136,327.09662,189.57469,228.4545,412.13586,-253.01065,252.06621,381.18738,94.94694,209.60658,425.17896,-295.61557,236.42035,387.47092,100.792694,204.5504,419.79318,-268.87698,232.9583,385.06192,66.34509,213.4174,415.76633,-244.9878,240.26268,383.0278,78.66321,469.96545,175.84805,-91.819664,464.48608,185.22226,91.97915,559.7999,281.24686,-107.73613,538.67334,279.84033,96.73761,685.02783,353.82556,-106.17218,637.06854,342.1723,145.752,712.62885,357.50748,-112.362915,661.86017,347.29117,146.7652,679.5922,415.76727,-198.87297,629.2906,396.5721,91.487625
ezgif-frame-021.jpg,lift_up,280.3019,299.82977,-14.962873,268.27344,296.3025,-35.094463,267.66144,293.82684,-35.151966,267.044,291.23633,-35.385452,267.91605,298.24802,-7.5071635,267.2033,297.50708,-7.5535364,266.66916,296.6485,-7.530962,267.53793,274.7922,-84.44866,267.08878,283.62732,41.49286,288.75385,288.74335,-29.537766,288.76752,291.65344,7.3175263,308.5714,248.02888,-144.0559,309.88428,250.83229,122.823746,274.98248,340.36877,-246.99422,285.29163,325.24265,172.8061,222.67119,406.77765,-259.80823,254.80992,382.32376,82.82168,204.71759,419.9093,-302.9504,240.3116,390.93085,87.677284,199.7723,414.9752,-278.07285,237.32959,387.323,55.05601,208.27408,411.0039,-252.85555,243.91257,384.3278,66.95752,472.36285,178.53856,-93.244606,465.60294,186.98091,93.476105,561.0484,279.37427,-106.07563,542.642,277.09222,99.92393,680.12115,357.79065,-110.00811,637.5757,342.66818,139.91733,707.86646,363.857,-116.811325,662.5713,348.96194,140.04521,669.2341,416.44547,-201.71135,624.8136,394.89014,85.042755
ezgif-frame-022.jpg,lift_up,279.71637,302.26132,-15.033433,267.74847,299.26135,-35.225685,267.0104,296.8942,-35.24913,266.26614,294.41357,-35.46881,267.69696,301.0628,-7.6594477,267.08823,300.33582,-7.7127943,266.6583,299.48438,-7.7010455,266.36722,277.862,-83.96034,267.1036,286.4523,42.01837,287.67078,290.8335,-29.642296,288.09937,293.5888,7.2905393,307.09842,248.2362,-144.83324,307.70465,252.84021,121.31592,278.68307,340.7177,-251.62335,282.93643,326.97427,168.2054,229.19588,408.09604,-267.17487,249.29805,384.76822,73.30993,213.66953,421.55756,-311.80478,235.01979,394.03244,75.17917,208.6434,416.96353,-289.10916,231.6395,390.66254,42.594772,216.2008,412.52502,-261.47595,238.25479,386.91846,56.659546,471.7666,175.66362,-92.92276,464.47345,185.86537,93.122185,558.8243,279.81284,-107.90359,537.29584,278.6981,96.13521,680.3241,351.82178,-106.97056,635.22375,341.66373,138.58119,707.91187,355.7241,-113.613106,659.8781,346.58536,138.97691,674.617,414.41547,-203.20679,627.95825,396.8215,81.49244
ezgif-frame-023.jpg,lift_up,279.2256,305.88867,-17.221409,266.8596,302.43137,-37.360672,265.80377,300.08917,-37.33907,264.72217,297.62952,-37.541595,267.7263,304.0748,-9.499285,267.4659,303.3751,-9.583044,267.38513,302.54996,-9.60944,264.42792,280.57184,-81.91762,268.2531,288.5571,45.62683,286.7227,293.99866,-30.102253,288.0876,296.75717,7.224553,304.37485,250.94585,-136.10596,310.06152,256.47375,125.03992,278.7431,344.98737,-242.04523,284.9067,329.05634,172.59427,227.98706,414.8463,-253.76912,248.30693,384.86395,71.66549,211.52531,427.62692,-295.96686,234.49478,393.08447,73.51472,206.90413,423.70093,-272.6858,230.49445,390.51492,41.538822,214.93048,419.142,-247.33142,236.9491,387.1374,55.686363,468.4931,177.47722,-89.005295,464.16986,188.52979,89.15551,555.69354,283.34665,-102.19643,540.7044,280.83344,90.5754,679.66064,356.908,-91.74486,640.36163,345.40558,140.97636,706.2272,359.30353,-95.91947,664.7337,350.17697,141.85071,680.1545,419.2097,-177.36353,638.935,400.1269,84.76636
ezgif-frame-024.jpg,lift_up,279.7304,301.80032,-25.246927,267.53714,298.53104,-44.8634,266.75598,296.1225,-44.860077,265.9641,293.58902,-45.07771,267.58096,300.57755,-17.313923,266.98325,300.04868,-17.384653,266.5637,299.3862,-17.386023,265.68912,277.3814,-89.61858,266.65942,286.3786,36.15951,287.5582,290.2989,-38.16867,287.9614,293.4859,-1.380027,305.05377,248.66632,-145.53806,306.85114,253.19083,118.71342,277.30667,341.3866,-249.82182,283.15274,325.62457,164.02449,227.70905,409.70776,-253.62311,249.94714,382.3452,55.262695,211.97987,422.51944,-295.40652,236.23552,390.7912,56.513023,207.24458,418.51056,-271.4292,232.65729,388.37265,23.586323,214.95782,414.05206,-246.4841,239.15253,385.0917,38.62039,469.5415,177.27484,-90.66374,462.50552,187.41046,90.84057,558.10364,281.78842,-100.187836,539.1594,279.11722,99.38872,678.2294,356.3693,-86.87678,634.83264,342.13892,154.61256,704.7455,360.23984,-91.505005,658.28326,346.96518,156.07288,674.68207,417.3122,-177.80322,630.8949,395.61002,98.56344
ezgif-frame-025.jpg,lift_up,275.47964,301.47415,-12.001422,263.802,298.63696,-31.141922,263.10727,296.21503,-31.180725,262.40283,293.68726,-31.40392,263.62106,300.6207,-4.112349,262.97333,299.98782,-4.1639876,262.48898,299.24893,-4.152754,262.7139,277.52094,-77.64767,262.89764,286.53235,45.452873,283.6033,290.10242,-25.916096,283.92902,293.0847,10.192555,303.9092,248.37782,-145.3249,304.50787,252.2711,127.01184,276.99112,340.52228,-252.43509,280.31598,326.5447,173.6448,228.29488,407.4266,-270.68756,248.78969,384.74057,87.01004,212.45724,421.3998,-316.2879,234.24954,394.82578,90.15656,207.05981,417.6258,-293.7091,231.5705,391.77576,59.095203,214.70242,413.10287,-265.00235,237.96362,387.63977,71.19919,464.36804,177.96857,-93.54899,458.59073,187.5063,93.78285,553.94763,279.05234,-115.63772,540.77893,273.71875,92.91609,677.9946,357.97244,-127.415115,640.33185,336.31577,124.38384,707.1205,362.48056,-135.00128,666.1246,340.41727,123.40976,673.5213,423.3995,-222.32874,634.7834,395.21982,66.07507
ezgif-frame-026.jpg,lift_up,269.45554,296.52438,-18.778671,257.4376,293.683,-38.494682,256.70694,291.2442,-38.533607,255.9717,288.68967,-38.753628,257.21033,295.76312,-10.490124,256.51932,295.18118,-10.555266,255.9961,294.492,-10.534924,255.90616,272.46106,-86.88464,256.0019,281.53174,41.111763,277.6098,284.99597,-33.520164,277.84827,288.11096,3.9787548,300.46912,243.63707,-154.46815,298.86282,249.52829,122.913666,278.5709,338.26978,-259.85342,279.1601,324.65976,170.10997,230.4145,407.98853,-279.48605,250.05202,382.50787,82.8513,213.41595,423.2559,-324.35983,235.4244,392.8937,84.73277,208.38675,418.36252,-301.61124,232.70142,389.4822,53.96144,216.0561,413.37445,-273.67493,239.08264,385.15314,66.757195,464.13092,182.36908,-92.97716,456.23322,193.27847,93.194016,554.54626,281.37552,-111.87486,536.8444,279.05115,100.33188,676.6607,357.17297,-115.23755,634.90845,340.57086,137.19337,705.3081,361.25958,-121.456116,660.3917,345.27676,137.0597,673.0604,421.06558,-206.22015,629.9938,396.3402,81.80494
ezgif-frame-027.jpg,lift_up,266.5295,296.08865,-9.547187,254.58687,293.09067,-29.139635,253.77309,290.6641,-29.156984,252.93768,288.11145,-29.35705,254.56721,295.13535,-0.61715364,253.92554,294.48083,-0.70221126,253.4609,293.71335,-0.7177016,252.59465,271.73578,-78.88967,253.50446,280.48865,52.086647,274.5606,284.54117,-24.663671,274.9415,287.61365,13.659869,296.51648,243.07251,-145.77377,296.98538,247.17531,134.57361,277.01822,337.2635,-248.51274,279.71353,325.48257,182.16975,233.6715,407.52618,-261.74667,252.98314,382.23462,88.19708,214.57692,423.03522,-303.82013,236.84953,391.2398,89.77937,209.56471,417.00507,-278.4229,234.01945,388.15115,56.49185,217.78107,412.01453,-254.25096,240.89015,384.82053,71.22451,461.43768,184.51811,-92.18047,455.3183,192.40085,92.32666,553.2319,285.46017,-100.89024,536.42664,278.8542,106.88167,674.3967,355.94748,-87.05266,637.4487,335.51593,160.74907,701.73883,357.62445,-90.78413,661.9026,338.5076,162.17387,672.2213,418.6184,-171.83029,637.28076,389.16458,105.84369
ezgif-frame-028.jpg,lift_up,248.53412,286.53693,-3.5510027,237.29314,282.08765,-26.210247,236.83675,279.76834,-26.268593,236.35371,277.3386,-26.453596,236.97577,283.2456,3.6017227,236.49138,281.98398,3.583919,236.18619,280.66534,3.5876822,238.61508,261.31506,-83.97703,238.48288,267.2925,51.836643,258.1164,276.99042,-21.42406,258.16107,278.8602,18.242851,288.83142,242.20811,-156.39133,289.7819,240.70761,134.29599,264.64725,342.4952,-250.47499,264.88562,322.24158,175.63991,227.15013,414.57666,-285.93927,243.7357,379.78632,106.998985,203.76527,429.79333,-335.30283,223.2758,387.03494,113.51687,199.26758,420.98798,-305.7449,222.63884,383.6834,80.83223,208.6314,417.04428,-278.0655,230.20464,381.7666,90.974205,450.07507,199.03972,-95.61938,446.71683,203.14224,95.76483,553.29114,287.83322,-111.160095,542.3076,284.57022,102.69802,678.1137,358.3573,-121.554726,647.1962,334.48105,139.4079,706.5727,362.1897,-127.95926,672.00415,337.26477,139.44362,671.7723,418.44833,-211.60011,644.6299,388.00143,82.15066
ezgif-frame-029.jpg,lift_up,236.81064,279.76477,-6.0209365,226.0122,274.8395,-31.986544,225.82631,272.68433,-32.05275,225.61803,270.41342,-32.2424,225.35756,275.54764,-1.1350921,224.90877,274.02707,-1.1474712,224.63278,272.481,-1.1793917,228.63284,255.3534,-97.67323,227.29266,259.5893,42.099854,246.7141,271.84753,-25.798914,246.36446,272.78818,14.995425,281.66797,240.38301,-170.50745,279.10745,235.62633,127.20123,266.7501,338.71204,-254.41748,257.99335,319.3227,167.12755,231.5423,410.47693,-298.74707,242.17035,379.0997,106.24762,206.18999,425.70224,-351.68134,219.3824,384.99005,112.41506,201.41626,413.9515,-321.78964,219.82782,382.64322,78.26661,210.84908,410.1613,-290.8914,228.11827,381.4218,89.58195,447.07666,205.30473,-97.90684,443.05762,205.3275,98.14224,554.0038,290.10684,-92.62379,544.6729,283.82672,118.347595,670.98816,353.83884,-84.67745,646.8728,330.02493,170.9947,699.02814,355.99765,-89.81659,671.18866,332.04486,172.5863,657.39874,412.65375,-174.91505,641.00745,382.1909,115.25616
ezgif-frame-030.jpg,lift_up,211.18843,267.85422,-21.760567,202.64096,260.13394,-44.8873,203.15492,258.3179,-44.963875,203.62842,256.3567,-45.110344,201.19214,259.96066,-17.35134,200.7615,258.01642,-17.339914,200.50912,256.10474,-17.361181,211.33589,241.6222,-99.01895,206.865,242.81622,25.355017,224.56038,262.14343,-37.42856,222.98882,262.29138,-1.3782026,274.26175,236.64862,-165.00215,274.11682,231.13661,118.58574,255.85733,332.24036,-223.91356,258.05493,320.25223,148.12187,233.65265,406.2514,-245.03496,244.85143,381.5308,86.9943,206.99765,419.50626,-291.16107,219.77473,383.72366,88.21884,206.17104,407.82053,-261.17624,220.71086,383.09283,53.75535,216.01616,404.07806,-236.6183,230.23692,383.8198,69.59249,439.26834,227.75659,-88.5892,435.08636,227.75348,88.73777,548.9312,301.7155,-61.353355,543.9046,300.1933,94.49182,663.3343,356.10928,-42.329086,652.89105,343.91415,138.3869,688.1557,355.71695,-45.041172,676.1874,345.06482,140.06917,652.9182,406.481,-118.04417,651.3784,389.4128,82.905365
ezgif-frame-031.jpg,lift_up,193.84691,258.8239,-36.58808,185.47588,249.69698,-61.400803,186.22124,248.05243,-61.440174,186.94347,246.24004,-61.59748,183.67282,248.75307,-31.281158,183.22902,246.50076,-31.274284,182.97227,244.33319,-31.25991,195.48843,232.09348,-116.10091,189.53586,230.2839,21.185398,208.28352,254.78822,-51.11713,206.27438,253.87656,-11.496488,260.42856,235.2218,-181.34245,265.21478,225.08759,133.35732,246.39128,327.7886,-249.08356,261.6661,315.5733,156.7753,238.23827,408.10736,-261.95862,252.83052,384.48312,66.22581,215.08928,417.0916,-308.05264,229.4674,384.2771,63.534668,214.44264,408.69382,-274.4257,228.53015,388.06052,22.250792,223.25961,406.11603,-252.18399,237.79158,390.56628,44.899414,435.40912,250.37302,-97.51391,431.45822,247.50288,97.528496,544.0063,320.43918,-49.03691,541.1629,315.6767,130.47012,659.63336,364.1937,6.201089,651.47516,357.93018,201.90521,686.6834,360.38483,6.493015,676.4095,356.99133,206.91426,643.0336,411.60458,-69.75136,646.63727,406.2438,150.38594
ezgif-frame-032.jpg,lift_up,187.73575,252.78125,-42.397903,181.41412,242.10417,-67.50913,182.50458,240.57158,-67.541595,183.55666,238.88391,-67.67047,179.72351,240.94794,-35.792233,179.68329,238.70967,-35.787247,179.82658,236.56192,-35.75183,194.62303,226.29132,-122.232346,188.97427,223.64331,21.770967,202.76395,250.97357,-56.95742,200.81073,249.90967,-15.362782,259.68564,239.79662,-184.36536,265.35184,224.20813,133.60175,245.15741,333.15662,-246.62314,259.56195,312.81024,155.732,237.20874,411.20154,-257.7644,251.39198,378.82794,64.19936,213.64307,419.27872,-306.00537,228.08887,377.12396,61.649223,212.84457,409.26596,-272.78436,227.35825,381.02222,19.749575,221.73778,407.29272,-248.26753,236.34148,384.5714,42.759464,429.90637,253.487,-98.029396,427.80884,247.08844,98.08799,538.63257,321.60953,-59.161007,537.2584,315.04837,133.88582,656.83704,366.40125,-10.410588,650.54895,356.4677,206.95425,684.5313,364.66147,-11.447481,675.9083,356.91956,212.16968,636.5984,413.0688,-93.64076,642.52124,401.1752,153.11838
ezgif-frame-033.jpg,lift_up,186.31447,245.16609,-40.564346,179.203,235.54851,-64.27185,180.19588,233.9812,-64.33481,181.18208,232.25081,-64.494225,177.17482,234.95973,-35.157547,176.77809,232.9962,-35.173714,176.53793,231.11592,-35.17552,190.99327,220.23566,-114.84258,183.89919,218.80405,18.15486,200.86633,242.68034,-53.129417,198.54684,242.35944,-14.740476,255.67282,232.14551,-176.92993,260.44043,220.4036,135.25064,247.89732,324.2469,-237.71527,265.2123,307.9123,161.1851,235.52942,409.43036,-238.22386,252.2501,379.8366,61.257835,213.3284,418.67075,-281.9468,229.98178,379.7488,57.842594,212.49324,411.10693,-247.69653,228.01323,383.94803,16.679949,221.28748,407.94073,-227.49342,237.153,386.00436,40.558403,426.78882,266.78232,-97.25184,422.7332,261.4739,97.16866,539.5272,329.13593,-37.70106,533.29047,320.60422,129.67969,656.71747,363.1551,31.32251,643.9018,353.66794,211.82242,682.5784,356.95267,32.93499,668.0193,350.8078,217.73042,644.2138,405.29868,-44.03772,639.3316,399.79034,161.9628
ezgif-frame-035.jpg,lift_down,171.04951,237.61177,-31.723969,167.18994,226.06416,-52.14593,168.21173,224.41577,-52.150486,169.20895,222.61057,-52.25124,166.63055,226.849,-26.641869,167.23909,225.74913,-26.75158,167.92984,224.70847,-26.73938,181.13525,212.30809,-94.55202,178.06432,215.63402,23.764349,183.7185,237.25714,-41.22377,183.2133,238.8417,-7.129481,236.76553,237.74039,-138.91525,250.09209,228.75586,125.29985,246.29523,327.701,-171.55087,258.29123,310.34778,158.9713,226.18706,410.4802,-162.723,244.92575,380.21326,96.70223,210.14565,417.97278,-192.29996,229.15836,380.67303,93.36879,205.58755,412.35776,-167.36252,228.36609,382.6196,64.21638,213.1779,409.16364,-153.89404,235.32858,384.38074,81.41781,395.0577,306.14832,-85.15988,398.13028,296.1268,84.95812,517.59314,346.60468,-39.99399,515.89935,330.80493,108.68084,636.1008,365.00058,13.824156,631.1908,345.21152,186.0697,659.7685,356.4274,15.3589,654.38446,339.5014,192.32533,634.0543,399.74637,-55.487976,629.79614,380.93744,149.57625
ezgif-frame-036.jpg,lift_down,171.41272,223.1715,-22.377098,168.49721,210.65463,-41.957962,169.82433,208.91118,-41.99104,171.13971,206.99283,-42.11737,167.98412,212.12816,-12.773626,168.81435,211.7669,-12.848,169.74867,211.43947,-12.876468,185.63943,200.53839,-93.13985,182.43578,207.25255,42.875267,185.11664,225.48105,-36.77015,183.81364,228.74272,2.3219278,238.95984,240.81491,-160.90396,255.7113,234.5642,139.83104,254.14896,332.42047,-186.96732,263.83597,315.63437,165.1548,229.6216,414.40704,-158.70276,244.47073,382.87106,99.49977,216.17853,422.14246,-187.79092,230.97377,383.62317,99.24877,211.73927,416.8576,-158.79091,227.86992,385.02856,66.76986,218.80743,413.53195,-147.67345,233.27313,387.6766,81.68005,382.20734,328.3875,-93.296104,392.10535,316.52905,93.02089,513.5518,355.32098,-48.887554,509.06113,342.37708,130.10677,632.74493,355.9489,-4.257864,615.7842,339.2932,228.71664,654.42523,345.96817,-2.1904073,636.11597,331.24915,237.70891,640.5059,383.46976,-78.62263,619.9273,366.23596,192.1912
ezgif-frame-037.jpg,lift_down,173.28546,220.47403,-13.172749,169.92119,208.03352,-33.2064,171.15988,206.32524,-33.220577,172.38824,204.44086,-33.336002,169.55064,209.29475,-4.229154,170.3105,208.90366,-4.302535,171.18274,208.53801,-4.326098,185.99347,198.22345,-86.26415,183.1979,204.28522,49.28381,186.43388,222.9879,-27.782652,185.24306,226.00356,11.146841,237.43103,239.26918,-155.80573,254.17487,232.65979,146.57253,252.04694,332.11496,-179.05396,260.66052,314.50647,176.95918,230.4459,411.39154,-143.90231,242.47083,379.60516,112.00687,218.01443,419.13348,-171.58081,229.83363,380.32974,112.71338,213.6003,413.46338,-143.87633,226.55656,381.50104,81.508286,220.27834,409.97882,-132.95816,231.39752,384.1224,94.953064,382.5482,330.0286,-93.25823,393.03165,318.6865,93.00447,513.5597,354.44177,-52.90487,504.03217,344.58847,133.56477,630.6248,354.53406,-6.5753784,608.95276,341.38638,238.6538,651.694,344.81354,-4.164061,628.5126,333.4568,248.06859,639.844,381.09232,-75.50537,616.04865,367.34726,206.62695
ezgif-frame-038.jpg,lift_down,182.15387,211.01814,-26.314497,183.1587,199.57985,-44.85095,184.7502,198.47441,-44.84839,186.33658,197.16833,-44.938637,183.06454,200.52649,-12.961811,184.31442,200.56421,-13.039563,185.62787,200.6569,-13.11021,202.13211,195.53322,-96.29167,199.57054,201.07056,49.431812,193.97491,217.02481,-41.180634,193.04588,219.63324,0.7043886,244.67143,244.6774,-172.72629,260.90634,237.29605,151.10529,255.05824,334.9043,-208.47038,261.9326,317.7475,168.82857,231.96844,414.13235,-193.25002,242.6526,381.22034,107.17179,218.2034,422.33096,-229.7687,227.88121,382.35712,113.13609,213.33974,417.62616,-197.76831,226.3131,383.5114,77.367744,220.32845,414.8321,-182.17528,232.62076,386.14597,89.638794,384.18207,339.5518,-103.53355,392.31635,325.75763,103.27672,505.6291,362.99243,-65.43076,506.70306,352.02896,132.02647,628.60046,354.93268,-10.762912,615.3482,344.13824,233.17593,648.848,340.38004,-6.6497765,633.4986,331.7484,243.77834,645.92944,376.972,-81.32629,632.0673,370.46017,197.92876
ezgif-frame-039.jpg,lift_down,185.57149,209.01326,-13.501503,186.35184,197.5917,-31.769392,187.84279,196.67326,-31.755781,189.34032,195.5397,-31.8629,186.25174,198.17918,0.05872171,187.37732,198.1066,-0.010700382,188.58,198.08075,-0.06966411,204.28175,194.2491,-85.58268,201.90033,198.34715,59.87487,197.1498,215.21628,-29.189772,196.026,217.4131,12.580554,245.7086,243.76147,-163.22743,263.19604,235.41101,159.6198,253.95995,332.8939,-194.28041,262.42496,317.34158,176.73497,229.70782,410.84216,-165.07756,243.36977,381.37305,106.29256,214.67404,419.84555,-197.56075,228.21078,383.70602,113.18225,210.63553,414.6754,-164.85834,226.4981,384.54745,76.651726,218.3822,411.17865,-153.04659,232.85683,386.90176,88.455986,385.15567,340.61072,-103.057144,394.6004,324.29874,102.734474,503.9264,365.81296,-67.239975,511.39236,350.94363,126.511826,628.57135,354.61993,-16.48145,622.6067,342.40134,216.49385,648.6513,339.03143,-12.67044,641.2081,330.01712,226.06151,646.2349,375.10782,-83.11954,638.6938,366.93436,180.99686
ezgif-frame-040.jpg,lift_down,186.60461,205.5063,-8.43053,187.80351,194.50745,-26.101118,189.23015,193.8176,-26.080639,190.67114,192.9013,-26.183475,187.749,194.74289,4.822496,188.89316,194.56929,4.7629633,190.12096,194.44208,4.7273564,205.06898,192.36607,-78.64976,203.06882,195.15576,63.033012,197.53676,212.30515,-23.416395,196.47084,213.95717,17.21152,244.22612,242.64948,-153.9498,263.4425,234.77563,165.17107,251.313,332.72803,-181.66585,261.66608,318.01273,182.97844,228.92155,413.51035,-152.32556,242.98486,382.5544,108.42077,212.68184,421.22366,-184.07748,227.32472,382.46304,117.56467,209.34688,416.09918,-149.30394,224.90837,384.41644,78.7152,217.24036,413.09195,-139.15189,231.17682,387.77075,90.13395,384.12134,341.40744,-102.84,394.93857,325.21848,102.43213,509.68732,370.2846,-67.04362,515.04834,352.7703,124.82052,632.55225,363.62167,-21.896656,630.09955,347.4239,210.94363,653.1121,348.3605,-18.670065,649.63904,335.16794,220.11685,648.39636,383.04715,-87.35989,646.3016,372.95087,177.52626
ezgif-frame-041.jpg,lift_down,186.95108,208.55138,-15.328633,187.98863,197.46526,-33.593407,189.40674,196.63232,-33.567852,190.83365,195.58598,-33.657623,188.0552,197.9906,-1.9838394,189.2408,197.91426,-2.0527592,190.50227,197.89323,-2.116951,205.59634,194.49577,-86.67674,203.7724,198.33705,57.650646,198.13158,214.80789,-30.794907,197.25742,216.86127,10.593936,247.36713,243.46227,-162.9734,261.83276,236.30801,155.83653,254.0926,332.63638,-199.6466,259.37918,317.0268,169.33788,229.19809,410.6725,-178.089,241.32185,381.46768,94.45945,214.21439,420.1558,-211.83311,226.3472,384.56207,100.13144,210.49756,414.88297,-180.19897,225.46725,385.23843,62.123035,218.34198,411.38058,-166.95178,231.97354,387.3386,75.97277,384.22296,340.40665,-102.88244,392.3806,325.63843,102.56143,504.3296,364.10675,-65.65321,510.58856,351.67422,128.8558,626.587,357.45276,-14.749563,622.33105,346.53568,221.71457,646.40735,342.82623,-11.343678,640.1781,334.8726,231.45767,643.31195,378.18616,-85.10022,639.66583,371.7326,185.22646
ezgif-frame-042.jpg,lift_down,186.07701,209.17905,-11.118005,186.45457,197.91751,-29.500235,187.85602,197.00356,-29.476877,189.26715,195.86836,-29.583673,186.42473,198.47261,1.9225723,187.4962,198.36464,1.8608327,188.65324,198.29976,1.7926024,203.82643,194.16272,-84.14506,201.78209,197.99756,59.9171,197.74715,214.91841,-26.979189,196.66867,217.10751,14.368917,246.63205,243.0853,-160.41417,262.63763,233.66873,157.94214,253.51956,333.50092,-191.59799,259.5605,315.49973,174.43756,227.10585,411.2556,-157.13484,241.12299,380.30273,98.12204,211.41997,420.8852,-188.63869,226.4069,383.64636,102.258865,208.01224,414.74252,-157.05603,225.11841,384.20865,65.11552,216.1906,410.8187,-145.4117,231.32138,386.34323,79.59581,383.18478,340.13147,-101.96231,392.63528,323.43716,101.653564,502.6679,364.8779,-70.53117,508.50824,350.48203,124.592766,627.1686,354.68802,-18.321419,618.5544,344.3056,219.6163,646.97217,339.79776,-14.70604,636.7306,332.6904,229.26556,644.7188,374.9309,-87.2761,634.99756,367.47736,181.6108
ezgif-frame-043.jpg,lift_down,186.26537,211.59145,-24.321823,186.80211,199.77788,-42.958584,188.34569,198.63582,-42.939377,189.89694,197.2893,-43.02999,186.5385,200.56865,-12.537109,187.6164,200.42978,-12.604556,188.76137,200.34772,-12.670787,205.40147,194.862,-94.11573,202.56972,199.58066,45.726727,198.69594,217.06763,-38.764683,197.44572,219.53148,1.3537462,249.59044,244.75351,-164.49094,263.87042,235.43106,145.51335,256.3846,334.9125,-198.5416,261.47888,315.4965,165.43141,230.11479,411.85156,-173.39767,242.86812,379.21875,99.9705,215.12549,420.31488,-205.5058,228.69252,381.45715,104.72459,211.7827,413.99405,-174.85652,227.41258,382.3414,68.75856,219.29877,410.68878,-162.32684,233.314,384.6966,82.05409,383.34958,340.473,-98.56655,391.3057,325.79694,98.27658,503.23978,362.44858,-70.62803,504.84692,350.14716,125.51863,626.04156,352.84644,-19.307384,613.7398,341.63153,226.06062,645.9136,338.84708,-15.888264,631.71173,330.24802,236.10884,643.6524,373.2861,-89.24217,630.9202,364.4381,190.48848
ezgif-frame-044.jpg,lift_down,183.77455,204.66098,-29.505064,185.54652,192.7206,-48.004837,187.24747,191.62332,-48.007843,188.93286,190.3314,-48.0921,185.25197,193.72534,-17.122368,186.45917,193.78464,-17.216291,187.74374,193.9035,-17.268599,205.19789,189.01479,-97.80455,201.98077,194.57713,44.20227,195.59898,211.12251,-44.245903,194.31862,213.74603,-3.4271815,249.73724,239.9311,-167.30415,261.88992,236.5813,138.36826,256.07346,330.67056,-191.25519,262.8669,315.45297,158.72543,229.54305,410.07663,-171.04514,242.66594,380.35672,104.94499,216.45941,418.0838,-203.5781,229.39075,381.55096,108.33608,211.84589,413.04938,-175.29807,227.55511,382.266,75.33875,218.18103,410.1269,-161.07617,233.16132,384.7556,88.07163,383.47583,335.71744,-96.874596,390.35504,325.24356,96.691505,510.89368,360.90308,-55.24956,503.82077,351.43433,131.32965,628.2449,358.96533,-7.729774,609.3036,347.04376,230.90482,648.7063,347.2616,-4.797591,628.2661,337.00778,240.78429,639.6103,383.31662,-82.2908,619.87286,372.60303,193.73967
ezgif-frame-045.jpg,lift_down,185.39952,209.37715,-5.8338585,184.91982,198.38306,-22.844252,186.3345,197.42116,-22.842583,187.75815,196.24078,-22.95115,184.62762,198.82927,7.0202756,185.59258,198.58441,6.9660287,186.64058,198.37958,6.9156456,201.76282,193.99847,-76.727234,198.96707,197.62926,60.669373,197.12668,214.78972,-21.495089,195.8794,216.85515,17.9782,245.6116,240.3792,-152.46597,261.9017,231.7943,157.95856,255.08598,331.73752,-174.89131,261.765,315.1687,182.18546,231.26816,408.7735,-141.86882,244.22783,381.00885,119.04542,214.43465,416.96783,-172.97299,228.50893,382.54773,126.67731,211.005,410.45294,-140.78479,226.35493,384.0114,90.8274,218.87167,407.01694,-129.73642,232.44366,386.70953,101.57963,383.69992,336.97977,-100.67183,392.6712,320.74402,100.33716,504.37506,364.98773,-69.1743,507.67563,350.42694,126.376335,626.93317,359.52356,-19.164219,618.3445,345.38293,219.73781,645.9331,344.3911,-15.216552,637.11865,333.06296,229.43863,645.50775,380.2288,-81.88822,634.3039,370.74405,184.95454
ezgif-frame-046.jpg,lift_down,182.03008,211.23378,-26.65351,181.59035,198.49692,-45.931187,183.1558,196.94072,-45.929672,184.718,195.20537,-46.014893,181.19984,199.91779,-16.709196,182.24364,199.80336,-16.789011,183.37679,199.73495,-16.843845,200.43849,191.15903,-96.91667,197.15816,197.93417,38.67282,194.97296,215.59306,-41.027237,193.61253,218.768,-2.0271363,247.74872,238.80132,-164.94498,262.3751,233.32805,132.17036,256.7957,331.38055,-187.59471,264.9491,313.13626,158.96724,228.42076,411.54068,-157.65692,245.33037,378.2224,109.38042,215.9573,419.80493,-187.71913,233.2129,379.64838,112.904274,210.94154,414.46362,-159.97157,230.99301,380.03625,81.786415,217.60994,410.78986,-147.33629,235.91551,382.4227,93.153275,382.77982,334.13812,-92.05825,392.35614,323.1078,91.797356,510.98138,359.77496,-44.525417,505.45975,348.65228,135.17346,627.723,358.8988,3.5535312,610.6069,343.4877,236.94818,648.86926,348.50555,6.0223017,629.762,334.24255,246.70818,637.5507,385.1105,-67.57176,620.3065,369.08594,206.34131
ezgif-frame-047.jpg,lift_down,181.92575,210.63646,-26.719492,181.96078,197.76656,-46.627056,183.57295,196.23892,-46.618954,185.16951,194.5374,-46.68781,181.54932,199.22705,-17.629921,182.64401,199.14293,-17.711613,183.81223,199.1107,-17.76202,201.3041,190.91808,-96.10385,197.8031,197.84413,37.857044,194.78708,215.53706,-40.45898,193.4633,218.65205,-1.9536644,247.73451,239.13454,-163.14963,260.73212,235.28644,132.9164,256.28894,330.8303,-191.73709,261.59555,313.96674,159.50044,231.09145,413.36502,-174.31833,241.94626,378.47653,116.564156,220.60544,422.25583,-205.52925,230.3837,380.3949,120.60876,215.19884,418.0794,-178.84898,228.79749,380.5984,90.14166,221.06126,414.48694,-164.75464,233.74081,382.5386,101.09378,384.8281,335.1598,-92.432205,392.39465,325.6838,92.23693,512.86346,361.54745,-52.996334,506.1944,349.2406,123.54596,630.1908,358.3503,-9.750962,612.6757,342.4792,223.0808,652.3927,347.76788,-8.091979,632.94305,333.1676,232.3325,637.6496,384.92798,-85.12244,619.36707,369.40253,190.34018
ezgif-frame-048.jpg,lift_down,180.40889,212.54208,-15.776507,179.7282,199.83925,-34.525215,181.25058,198.24344,-34.516953,182.76299,196.46704,-34.61052,179.27979,201.45506,-5.075893,180.25189,201.38242,-5.158682,181.3186,201.33783,-5.2192264,198.4555,192.30022,-83.93036,195.13556,199.56468,52.251934,193.63275,216.60776,-29.537724,192.13216,220.10455,9.666502,245.06082,239.30815,-155.48134,261.96487,234.058,147.78275,256.1315,329.2917,-184.11826,263.84628,316.00424,171.8533,229.04817,410.3863,-152.8362,242.46198,379.73984,115.37978,217.59467,419.12952,-182.92804,230.22809,381.27014,120.57809,212.24916,415.15573,-153.03452,227.5866,381.96707,88.31482,218.9969,410.9123,-141.57562,232.57983,384.11807,98.891716,383.9676,333.26477,-93.50536,395.15005,321.70978,93.234566,506.53296,359.42145,-59.64436,510.77518,350.691,111.741356,627.75995,355.4676,-12.7642565,621.93823,348.01544,197.77501,649.5292,344.52145,-10.507873,641.9142,339.59497,205.84296,637.7278,380.29028,-77.244576,629.5622,373.7954,166.58197
ezgif-frame-049.jpg,lift_down,180.02179,213.00319,-13.760893,179.09076,200.3692,-32.55071,180.60944,198.7721,-32.547794,182.12189,196.99207,-32.654964,178.58969,201.94202,-2.514297,179.51317,201.83937,-2.5942624,180.53964,201.76395,-2.6602,197.81082,192.70221,-83.79119,194.39053,199.76718,55.290367,193.55322,216.9029,-28.22544,191.95602,220.40996,11.798508,246.12195,239.02202,-157.55762,261.9829,234.10913,150.78792,257.74698,329.9763,-186.00008,263.73495,316.59213,174.59735,229.77629,410.12518,-150.15862,242.35344,380.97726,109.683655,218.35431,419.11356,-180.04337,230.34268,383.23642,113.41799,212.8543,414.87555,-149.8805,227.78386,383.57684,80.037415,219.67418,410.6027,-138.5728,232.85054,385.41104,92.37377,384.96466,333.66885,-94.991104,396.35406,322.46478,94.69513,506.39075,359.68317,-58.50656,513.1973,351.69202,115.05081,629.0472,356.11792,-8.894594,624.71454,348.1815,202.68536,651.1765,345.41446,-6.4820247,644.9231,339.73093,210.92432,639.1759,380.897,-73.117805,631.6417,373.98395,171.99915
ezgif-frame-050.jpg,lift_down,179.7274,215.8257,-25.79176,178.29306,203.11758,-46.43834,179.7768,201.38116,-46.44594,181.24432,199.47589,-46.538082,177.90875,204.7795,-16.52712,178.87527,204.6719,-16.615051,179.92575,204.60712,-16.670282,196.85876,194.09416,-97.879074,193.4568,201.79034,40.4608,193.19145,219.20668,-40.311897,191.94644,222.67851,-0.55537224,247.97794,237.82892,-167.29996,259.66254,233.92456,135.87993,258.15125,330.38364,-201.95874,262.78296,313.28705,160.90422,229.42442,412.36423,-186.68565,243.40483,379.20422,103.792656,217.82686,421.712,-219.10326,231.29,382.25665,104.33384,211.6929,417.38428,-192.23508,229.85956,382.3139,73.478,218.26477,413.9279,-177.03365,235.41118,383.73575,87.3892,386.85675,333.41678,-95.34052,393.39877,323.4328,95.14436,515.8289,360.49463,-55.892273,508.18127,348.9805,128.563,629.5677,359.10837,-3.8668182,615.482,344.5959,230.54631,650.732,348.28735,-0.8198829,635.5232,335.77737,239.86345,637.43713,388.68466,-74.239845,622.8166,373.15045,195.17508
ezgif-frame-051.jpg,lift_down,179.88539,215.95393,-26.899387,176.77927,203.17049,-48.262524,178.06525,201.39325,-48.28789,179.35863,199.43785,-48.40086,176.51591,204.48631,-19.49311,177.4266,204.0702,-19.582962,178.40884,203.70941,-19.632833,193.94531,192.80391,-101.996185,191.13365,199.4095,31.688353,193.62523,218.59918,-42.21833,192.60957,221.56926,-3.8472493,248.66696,233.46068,-172.04158,259.09082,231.6892,128.62842,260.55038,329.7075,-200.8507,263.07513,313.2027,157.08318,232.76018,414.26813,-175.82623,242.5516,381.71722,101.35914,220.85611,423.71536,-205.90984,229.9318,385.41348,101.76217,215.02142,418.87958,-180.3863,227.95103,384.19522,71.806694,221.44301,415.45474,-166.44878,233.35193,385.42007,85.00131,386.10703,332.27856,-92.066444,391.95633,324.37988,91.81343,510.79028,360.9609,-46.436718,504.31107,350.00043,130.73523,629.60956,359.28824,3.1908364,610.49756,342.10635,235.2707,651.2466,349.05136,6.3309093,630.9269,333.07825,244.85953,641.28784,388.41254,-69.75653,617.7785,369.50742,197.70743
ezgif-frame-052.jpg,lift_down,179.49387,218.12834,-28.744047,176.20522,205.02257,-49.67814,177.51141,203.15819,-49.691566,178.82399,201.11922,-49.790504,175.86629,206.46826,-21.779696,176.74171,206.0384,-21.867735,177.69014,205.66125,-21.918377,193.6117,193.9555,-101.52719,190.5013,201.01224,28.33045,193.5261,220.41655,-43.249435,192.3612,223.57193,-5.976033,249.0559,234.05583,-168.35994,259.3418,231.93884,124.916595,261.26984,329.65793,-195.32326,263.86978,312.4928,156.93198,232.96515,412.9913,-168.5351,244.87012,379.73117,105.50828,220.94058,422.56635,-197.40645,232.6284,383.78143,106.47032,215.01776,417.67618,-172.38147,231.08946,382.30167,77.5093,221.58742,414.0251,-159.30585,236.40187,383.38297,89.764496,386.8073,331.4721,-89.447136,392.71198,323.61115,89.17171,514.7998,357.97736,-42.47618,507.47278,349.81442,127.67608,630.59247,357.52646,8.71568,612.0753,343.69186,229.0373,651.6163,347.81985,11.847593,631.7334,334.90067,238.51561,641.9137,386.64368,-62.864918,620.2703,371.9367,192.9133
ezgif-frame-053.jpg,lift_down,182.4483,219.44261,-28.671043,178.50229,207.1617,-49.214268,179.69234,205.34741,-49.23584,180.88966,203.34561,-49.34775,178.29654,208.15547,-21.517744,179.12085,207.4696,-21.603443,180.01195,206.84727,-21.663916,194.5011,195.31947,-103.506744,191.92137,200.72987,25.078568,196.06285,221.03456,-44.263496,195.11183,223.63046,-7.2639236,249.6919,231.6788,-174.6078,262.12775,228.75075,118.885414,262.73203,326.9542,-190.97028,268.9864,309.56274,149.2752,232.35648,410.96353,-151.48793,249.30043,377.61096,103.444115,219.90642,420.68628,-178.28197,237.54124,381.28003,101.360306,214.10936,415.21094,-157.58879,234.6899,379.8638,74.48105,220.73715,411.33136,-143.3843,239.29701,381.42987,87.8578,381.50424,329.59305,-87.59096,389.4234,321.34317,87.28625,504.45334,362.57254,-31.655758,501.5801,351.3512,136.29305,618.07587,360.7091,27.183727,606.61664,348.85776,235.7918,639.7085,351.49005,30.838223,628.3672,341.15152,244.83195,626.4152,390.14685,-43.723736,609.3068,378.33395,198.1866
ezgif-frame-054.jpg,lift_down,184.4333,221.04622,-30.7254,180.12534,208.66779,-52.052547,181.30746,206.77332,-52.077442,182.50238,204.69035,-52.1962,179.86717,209.70374,-23.994808,180.6478,209.01553,-24.079227,181.4909,208.39517,-24.135561,196.12386,196.14145,-107.641174,193.42722,201.75803,22.872313,198.32323,222.14682,-46.522644,197.33092,224.83217,-9.055533,252.3803,231.31514,-178.34721,263.93292,228.00816,117.90804,265.2781,327.35977,-193.44069,270.363,309.9066,147.08817,233.1377,409.88962,-153.56308,249.2075,378.9979,97.042145,220.03699,419.27325,-180.3153,237.00854,382.4683,94.83849,214.00287,413.03867,-158.7951,233.77301,381.45117,67.86201,220.73415,409.4966,-144.95802,238.66458,382.93802,81.43018,383.9469,329.1768,-88.75217,391.18323,320.40814,88.44979,507.3213,362.10165,-27.980656,500.85388,348.71942,147.05646,619.4199,358.50137,31.904764,601.75964,344.22794,255.91302,640.6509,349.09985,35.787746,622.5902,336.4581,265.9174,628.1966,388.20615,-41.49887,605.5973,372.9171,218.94867
ezgif-frame-055.jpg,lift_down,180.91026,222.6515,-33.360985,177.1099,210.16106,-55.071686,178.21066,208.17017,-55.094303,179.31967,205.99333,-55.203373,177.19334,211.87474,-25.148895,178.22067,211.52226,-25.24178,179.33298,211.22095,-25.315607,193.43391,197.5538,-110.05833,192.00256,205.40886,29.399717,194.58888,223.43585,-48.665947,194.1574,226.8967,-8.513786,250.1558,232.35883,-178.00517,262.40356,230.92633,128.23036,265.16595,328.0852,-204.00296,269.9936,313.47565,155.94537,235.20273,413.9044,-175.07127,247.26772,381.7954,95.04585,221.6623,422.64087,-205.7754,233.69623,383.1886,96.72071,215.79865,417.64273,-176.18692,230.28574,383.98276,64.2618,222.8133,414.03516,-163.79274,236.18434,385.83267,77.83029,391.14243,326.62708,-94.88152,397.5481,317.77203,94.588715,519.44385,356.01147,-35.996635,510.31516,344.68127,144.42825,635.4072,355.8876,18.159433,615.1391,339.16455,252.18364,657.193,345.37692,21.24073,635.4676,330.06094,262.4609,643.8622,386.00937,-55.98005,621.6393,368.32098,219.96849
ezgif-frame-056.jpg,lift_down,181.22853,225.61679,-34.68707,176.85371,213.05887,-56.249233,177.96263,211.06023,-56.283627,179.07677,208.88129,-56.40311,176.8502,214.64864,-25.810873,177.78087,214.22871,-25.895174,178.80939,213.85522,-25.971806,193.04588,200.17308,-113.9293,191.2381,207.61992,28.942245,195.21204,226.2833,-51.434658,194.59618,229.63878,-10.354044,251.49876,234.38428,-187.06757,263.50766,231.88634,127.04442,264.03516,329.76315,-212.08571,273.53894,313.7059,154.87398,225.3435,410.03647,-175.19148,250.30261,380.80573,87.04698,209.05202,418.13306,-205.56622,236.09904,382.51633,87.40601,203.13411,410.84283,-176.24048,232.17587,383.03577,55.350437,211.20274,407.4286,-164.20006,237.96541,385.0231,69.41956,388.59912,328.0487,-98.01844,395.02805,318.08453,97.71,519.40845,358.1841,-33.044678,505.52927,345.3687,162.16321,633.5905,357.97708,20.201777,606.28107,341.33713,280.62253,654.817,347.69867,23.627903,626.03546,332.7977,291.81308,643.33026,389.8766,-53.77556,612.896,372.2304,250.8432
ezgif-frame-057.jpg,lift_down,183.89348,227.57936,-43.67059,178.6245,215.05856,-65.43997,179.6533,212.95078,-65.46293,180.7008,210.66045,-65.58625,178.56168,216.55466,-35.564384,179.38368,215.96715,-35.6295,180.29944,215.43243,-35.700348,193.79678,200.88553,-123.226944,192.08366,207.78426,17.434061,198.00056,227.4762,-60.142986,197.4043,230.66766,-19.69589,253.10367,234.40486,-195.47598,265.3403,229.40509,114.92278,271.1349,331.04132,-218.88538,275.7836,313.42953,143.97006,232.41432,412.91446,-176.3491,253.23795,381.35626,80.75769,215.84418,421.48862,-205.74039,239.13054,383.1101,79.501045,210.15611,413.2186,-177.92369,235.2969,383.72733,49.167137,218.52129,409.35046,-165.50114,240.88477,385.83917,63.541187,388.2962,330.59393,-94.78829,395.70413,319.2053,94.4544,517.818,363.13892,-15.655212,500.2818,347.61328,179.55743,629.93225,359.01523,50.826614,598.67065,343.0567,309.8044,650.1121,348.4377,55.91823,618.04596,334.41913,322.18448,641.7988,390.76422,-19.015059,607.0328,373.0268,283.50278
ezgif-frame-058.jpg,lift_down,181.0926,230.8565,-26.412193,176.80168,218.22476,-47.82852,177.84857,216.0969,-47.855446,178.89499,213.79524,-47.964077,176.88899,220.16699,-17.276703,177.85747,219.78503,-17.378315,178.93208,219.44124,-17.448711,192.77667,204.11832,-104.80851,191.40887,212.4427,38.58095,195.12556,230.77753,-42.761913,194.76854,234.36708,-1.4206704,252.59683,236.80974,-170.87877,263.2083,236.31242,133.94124,267.45926,329.9733,-201.83676,273.3697,316.13446,167.57683,228.41055,407.29776,-168.14223,251.59798,379.82663,95.23181,211.55597,414.9866,-197.01997,238.03072,381.30673,93.76823,205.78043,407.67633,-168.20432,234.46857,381.24585,61.73439,213.95033,404.29315,-156.85983,240.04095,383.27365,77.33517,391.27856,331.48236,-93.745186,396.93848,323.37097,93.493256,518.34204,359.4419,-46.038506,509.57587,350.3795,139.3457,634.2539,359.2649,6.9017677,615.48346,347.82904,245.65843,655.83136,349.4402,9.856383,636.07574,339.59644,255.18576,643.53204,388.34912,-64.56494,622.4028,376.5773,212.31415
ezgif-frame-059.jpg,lift_down,179.43369,230.68503,-20.894186,174.88916,218.31642,-41.674248,175.92537,216.2312,-41.708717,176.9569,213.97173,-41.839638,174.81664,220.11615,-11.517864,175.66934,219.66542,-11.616287,176.63744,219.24603,-11.697453,190.50388,204.28136,-97.16226,188.74605,212.10193,43.709854,193.48204,230.40689,-36.61817,192.9083,233.92554,3.989867,250.26495,236.17078,-164.08714,262.51276,233.68137,139.02657,265.04532,329.80795,-192.85992,271.89374,314.79718,172.03267,229.63249,407.8162,-158.18533,250.39825,379.18634,95.94926,212.81827,415.445,-186.48784,236.50194,379.47968,93.52781,207.38799,408.11697,-156.96992,232.60849,380.5888,60.763973,215.3336,404.69604,-146.30234,238.23422,383.0294,77.67329,393.03683,325.81445,-93.23166,399.92947,316.10504,92.97656,518.3588,354.66025,-44.530926,512.0316,342.41925,132.88441,633.0437,358.6698,7.9576483,616.1567,341.12735,234.84525,654.3942,349.45325,10.542313,636.2956,333.78333,243.6747,640.39435,387.32315,-63.9197,621.388,367.34558,197.7745
ezgif-frame-060.jpg,lift_down,178.5529,232.46387,-12.50183,172.76375,219.84435,-34.838917,173.63013,217.438,-34.884357,174.47691,214.85753,-35.024086,172.9159,222.04001,-4.5381103,173.729,221.62189,-4.65866,174.64256,221.2296,-4.728803,187.32037,202.9595,-94.508385,186.15378,212.05504,46.208683,192.32994,230.22739,-29.65695,192.05595,234.27039,10.982199,248.13254,227.03047,-155.1546,258.85208,229.11139,137.00075,263.92032,325.384,-172.4575,270.1942,309.22736,179.53473,226.87299,408.02667,-131.44832,247.42703,376.64154,123.93393,211.81244,418.21222,-154.68593,234.0654,380.1498,122.511635,205.41803,411.59564,-130.41452,229.55278,380.8922,94.96356,212.55385,406.8599,-121.59144,234.99597,382.41956,107.79326,392.0736,316.3451,-88.58279,396.69858,309.63715,88.34627,516.5345,349.067,-50.01684,509.82758,341.79175,108.09274,630.71136,357.41483,-8.501015,615.2462,347.6393,194.02509,652.23584,348.58948,-6.9521627,635.4359,340.79645,200.64433,639.32965,389.20386,-79.63046,621.6514,378.11575,152.52354
ezgif-frame-171.jpg,standing_right,366.81644,69.30173,-320.98764,369.1315,52.501457,-299.53732,374.8091,52.123775,-299.53784,380.57385,51.679802,-299.5308,351.84842,53.320053,-314.14395,344.1415,53.3545,-314.15973,336.45233,53.440533,-314.1752,377.61438,57.28054,-170.16722,318.1478,60.4533,-229.52992,373.6907,84.34679,-272.39294,349.38803,85.24252,-289.27155,407.74164,142.11125,-116.80075,266.80838,149.13797,-158.59846,431.85553,261.51068,-212.01094,256.2219,280.5821,-281.00543,463.01724,199.33832,-428.0021,225.18378,212.35023,-510.95862,469.41415,183.4352,-457.08112,215.82063,195.85188,-544.7588,475.537,164.85631,-463.45343,211.11667,173.44952,-541.1,466.69662,171.29832,-433.48907,220.91338,178.90018,-514.18494,394.49384,340.3353,17.312826,305.43927,350.2305,-16.33185,460.47702,451.30484,-54.54898,300.789,490.8082,-39.240063,432.6468,496.81674,263.62228,278.93546,536.05896,256.362,422.49966,499.89474,293.8396,271.70938,539.4075,283.68018,439.6691,536.70465,286.27405,288.84833,572.5041,265.158
ezgif-frame-172.jpg,standing_right,369.05475,65.93118,-333.80923,370.7536,50.446873,-304.22018,376.17596,50.429848,-304.2916,381.70615,50.33203,-304.33353,354.6296,50.711403,-320.2302,347.43796,50.677242,-320.2292,340.23917,50.680733,-320.28912,379.26855,56.869125,-167.95892,322.78705,57.93028,-231.81775,375.86642,81.36692,-283.74738,353.0793,81.545265,-301.6299,408.6719,142.80717,-106.75663,271.38638,146.4782,-179.8645,422.41837,259.65723,-191.62267,250.65742,277.3487,-276.16614,463.91293,204.04562,-398.75146,225.86078,216.77797,-496.72778,471.33954,187.21103,-430.12585,216.51253,198.95862,-531.7836,476.6047,171.62428,-438.08563,211.68022,177.65599,-531.964,467.5476,178.54953,-406.29028,222.34505,183.45436,-501.2838,393.80957,329.91092,30.77984,306.25894,337.986,-29.684692,449.43863,454.87582,-31.162441,303.32632,466.87198,-80.33312,424.0692,498.1536,294.89954,284.3115,522.47906,229.20508,413.31784,499.213,325.40857,273.39465,526.7292,260.7006,422.4741,548.7619,302.81076,287.5676,566.6222,232.35294
ezgif-frame-173.jpg,standing_right,370.0834,67.19032,-287.392,372.4001,51.447773,-260.27777,377.96884,51.513832,-260.30814,383.65402,51.504364,-260.30435,355.7159,51.370926,-276.81482,348.36566,51.182156,-276.85904,341.0089,51.029835,-276.92413,381.1952,57.97142,-128.70802,323.3088,57.98993,-195.35338,376.78754,83.18477,-238.7264,353.62796,82.94673,-257.64093,409.50867,144.73462,-72.2724,272.61072,146.92444,-138.10692,428.55884,263.029,-159.51268,252.09718,278.4788,-234.12149,461.31726,203.1241,-377.4186,233.8398,217.25317,-452.17386,466.58386,185.83871,-411.7522,227.84702,199.58386,-485.99677,470.07083,168.77158,-412.72476,222.77911,178.90503,-484.57684,461.5916,175.72052,-382.02835,232.90251,184.66696,-455.50024,396.38416,339.09384,27.407782,307.82837,346.32196,-26.395363,448.58682,468.43323,-24.896336,294.41315,489.883,-29.541727,424.61447,514.13684,273.72238,281.58768,542.4723,248.5951,415.01196,516.1428,301.13724,272.85852,547.04083,274.9688,422.59705,561.4351,275.60034,288.93213,584.3406,238.63605
ezgif-frame-174.jpg,standing_right,372.671,76.20964,-294.0829,374.18634,59.83323,-268.6339,379.48773,59.092285,-268.64362,384.89905,58.290108,-268.56192,357.59122,61.423157,-283.6437,350.30872,61.72348,-283.64926,343.01822,62.043655,-283.68686,381.91638,62.396393,-127.11133,325.33124,68.18939,-189.06943,379.42096,89.80954,-241.68777,356.5741,91.74939,-259.468,410.56277,145.22156,-75.69407,275.88675,153.46622,-120.57423,441.58215,261.89615,-187.52101,261.58615,285.04474,-268.1636,459.5206,200.81325,-407.7648,232.72325,218.96227,-514.07666,464.4182,184.68318,-446.2071,222.4329,201.6253,-553.3456,465.6131,166.0437,-441.53134,218.55794,179.86531,-549.8268,458.35617,172.29271,-409.97797,228.62503,185.33421,-518.5941,394.62555,350.68564,23.634794,304.01132,357.7661,-22.568636,450.21426,482.45428,-69.07328,294.94943,505.3593,-72.19489,444.7644,536.8504,250.10924,283.22192,560.9938,237.36278,440.99164,541.6578,279.2651,277.2206,565.8177,264.7943,447.92566,576.7281,237.87155,298.1492,600.90405,211.55486
ezgif-frame-175.jpg,standing_right,373.3741,88.41468,-318.9856,373.712,70.89334,-298.03497,379.01288,70.09421,-298.0309,384.41815,69.23581,-297.98282,357.29092,72.52562,-315.2641,349.77045,72.734985,-315.2848,342.28323,72.984406,-315.31973,379.73187,72.34654,-167.16853,323.25958,78.340614,-239.12848,379.44272,101.608,-268.86493,356.53607,103.506516,-289.58673,409.86108,154.06827,-97.122734,270.31488,161.45187,-178.68854,432.35208,273.066,-201.9924,256.52667,292.68713,-309.84598,458.04825,203.92009,-437.54367,234.06934,231.48685,-531.9917,464.3894,184.23119,-478.23618,226.50201,216.47214,-565.5576,468.126,166.67607,-475.40088,222.58022,195.2978,-564.3398,458.978,174.0653,-441.1096,232.14642,200.17993,-535.53674,392.2475,346.46182,34.555046,305.28412,355.67847,-33.52122,443.45917,464.89444,-18.392277,310.02454,498.6875,-58.74093,413.80652,491.14734,323.49057,284.38153,526.95447,266.20712,404.64496,491.56335,357.05746,274.15823,525.1418,297.88504,417.9083,527.1102,367.36972,301.3367,567.3981,297.6915
ezgif-frame-176.jpg,standing_right,373.96512,91.68019,-322.85504,374.88104,75.02861,-301.7422,380.13385,74.562775,-301.75018,385.49243,74.03395,-301.69278,358.42697,75.90008,-318.89352,350.97412,75.88306,-318.908,343.54828,75.9064,-318.88904,380.42252,78.317955,-176.30327,324.25168,81.74875,-246.57196,379.3542,106.048065,-275.28934,356.66696,106.95295,-295.7008,409.77722,160.19473,-112.96705,269.83633,166.99379,-181.50087,435.5018,277.4947,-221.37149,251.53664,293.8435,-304.6182,457.6138,207.87218,-450.04605,231.5851,235.26315,-499.09958,461.5026,188.05249,-488.55374,226.14777,220.17302,-526.88904,466.46442,169.55272,-483.14145,221.31255,200.24081,-524.34576,457.48203,177.0859,-451.64697,229.92169,204.8522,-501.1696,390.064,347.30618,26.154842,303.3506,356.0265,-25.206186,437.3818,467.74084,1.7644427,301.11026,500.31555,-36.629135,413.81033,497.44034,320.9493,288.85526,526.7724,272.874,405.1069,499.2283,351.49704,282.21466,525.0319,301.93115,419.67267,533.02716,351.31625,305.27356,567.3328,292.2079
ezgif-frame-177.jpg,standing_right,372.5501,97.110504,-272.2399,373.93784,80.60111,-250.90227,379.1499,80.49102,-250.92401,384.46423,80.317696,-250.99939,358.15726,80.44335,-267.8122,350.86755,79.95606,-267.85367,343.59628,79.524506,-267.9312,379.4941,84.24926,-129.36809,324.6357,84.01749,-199.80092,377.18744,111.22508,-225.57239,355.19403,110.81574,-246.00935,407.6553,163.67963,-63.78622,269.34586,165.0677,-161.56488,431.9729,273.0924,-142.84721,254.12767,291.52707,-241.03831,452.31146,217.06558,-347.2952,240.1844,251.03694,-415.69754,454.99496,198.88174,-384.6809,236.76498,239.16,-443.86685,457.17517,181.8375,-381.40338,231.70497,220.1832,-449.58365,449.52542,189.03911,-351.27594,240.92676,224.0207,-419.21567,389.5119,347.75494,37.985947,307.69186,356.08212,-37.034744,444.46808,453.85342,-73.815834,318.23724,499.73053,-102.16353,389.5176,463.9251,253.71498,288.04297,513.7947,221.6501,375.79712,458.713,287.20337,277.70245,508.42844,255.00108,382.34482,498.3186,304.2998,297.088,552.38104,275.80542
ezgif-frame-178.jpg,standing_right,374.28796,97.34207,-295.048,375.3674,80.879715,-270.09326,380.38165,80.504036,-270.08603,385.49292,80.06756,-269.9789,359.37744,81.34523,-287.68683,352.28568,81.13438,-287.71365,345.21942,80.959,-287.74017,380.79813,83.06225,-132.83197,326.84836,85.35713,-205.47873,379.37848,110.816086,-243.53342,357.575,111.29768,-264.6368,408.665,165.43004,-69.78993,274.54816,167.58176,-151.30043,437.29425,282.6684,-193.0905,260.73404,297.48477,-298.99298,457.552,212.1843,-403.35532,247.8088,227.56056,-502.4822,463.71613,191.90881,-442.35626,241.62827,207.98262,-531.1782,464.9239,174.71031,-429.6773,238.02104,189.31366,-521.6894,456.78165,181.85558,-402.78555,246.62158,195.52127,-502.3484,391.65195,352.87744,33.793137,303.7834,360.27234,-32.81132,441.83136,458.06082,-72.26703,300.4664,502.89984,-76.39858,430.96442,518.5079,230.8019,288.80862,535.667,261.26306,424.57877,524.58185,259.03024,281.348,535.2586,293.76825,437.91714,561.5922,223.55963,305.92828,577.0934,270.4451
ezgif-frame-179.jpg,standing_right,376.64203,100.43616,-247.09695,376.88147,83.410324,-223.77713,381.77853,82.85408,-223.74843,386.77536,82.23035,-223.6611,361.37762,84.093414,-242.7572,354.3444,83.904106,-242.80948,347.3195,83.732956,-242.84702,381.72803,83.95626,-93.45343,328.74152,87.286606,-174.35571,381.54117,113.176674,-197.81465,360.20868,114.05203,-221.52446,409.15012,165.8695,-23.922161,275.43265,163.94147,-124.45279,434.01923,281.50113,-103.25763,251.47507,285.15497,-225.3604,454.9772,219.14383,-311.06958,238.58797,249.69583,-397.57346,459.78134,199.28014,-354.75848,235.82622,239.3114,-427.29736,462.13184,181.45915,-346.02585,234.25789,222.45175,-429.43735,453.81268,188.4589,-312.88715,241.69078,225.19572,-400.8345,391.69525,356.12357,41.41372,306.89786,361.95135,-40.420956,436.86905,480.5306,-40.976105,312.0534,515.17224,-80.77085,429.3545,550.85645,232.41122,296.08176,560.78784,220.49692,422.15613,558.3022,258.04495,287.6705,561.98596,249.68939,436.56995,595.0693,222.39883,314.65915,604.51056,224.37917
ezgif-frame-180.jpg,standing_right,375.78683,105.5004,-302.25888,376.6466,86.015884,-284.1198,381.9321,85.43784,-284.11224,387.31537,84.80023,-284.0806,359.96548,86.37643,-302.30182,352.32565,85.85114,-302.33673,344.7099,85.368866,-302.41074,381.38373,84.9539,-155.25339,324.25253,86.78593,-232.27364,380.31046,117.80764,-251.20662,357.57318,118.07891,-273.75623,408.87204,163.68855,-81.07782,266.64215,164.6683,-164.95015,431.6176,283.73044,-160.0381,249.117,294.37363,-266.0053,449.94577,222.01305,-367.32224,232.68459,248.3555,-451.36743,452.8248,202.71426,-408.65195,227.22069,234.68318,-483.65506,457.68564,183.78789,-403.94943,223.62773,215.87575,-483.6249,449.8643,189.93793,-370.3826,231.92169,219.37862,-454.5793,387.72626,353.22092,33.559315,301.2703,362.81915,-32.63407,442.7205,464.56635,-52.36966,319.0993,516.8221,-89.615395,424.6634,523.19745,237.55246,294.841,539.66516,249.59662,415.55807,529.02106,265.27182,285.8689,535.29333,283.23224,432.54718,565.2406,248.60728,309.78204,582.96155,289.24237
ezgif-frame-181.jpg,standing_right,377.04843,104.50596,-336.22278,377.43314,85.53491,-316.31534,382.8872,84.88429,-316.20593,388.4633,84.18712,-316.3475,360.43143,86.5044,-334.0732,352.46646,86.33271,-334.0841,344.5232,86.234604,-334.1966,382.32443,87.30569,-186.56705,323.63184,90.98988,-253.83249,382.21387,117.55044,-286.0072,358.36795,118.69935,-305.15097,413.29642,168.874,-116.33322,268.77637,170.50403,-199.41348,431.90363,292.50458,-237.17078,259.1535,297.3419,-359.0946,448.2778,222.32196,-490.3172,246.38876,195.77733,-568.7726,450.89368,202.19324,-530.1969,240.46194,164.98578,-594.5326,456.8618,183.24689,-522.8455,234.25537,148.28207,-578.8889,448.59808,190.11554,-492.3675,244.89877,158.79158,-565.43024,390.5263,363.7256,27.817987,305.07123,371.77344,-26.970596,456.66034,464.31204,-156.87973,315.66376,515.8277,-57.767944,400.07803,488.96988,196.41805,284.47415,552.5652,259.85223,386.83752,486.2061,232.44403,274.16788,552.1998,290.21106,401.25192,523.5897,232.73955,298.3969,591.9013,287.8386
ezgif-frame-182.jpg,standing_right,371.89682,103.2217,-348.84265,372.90817,84.44152,-326.76572,378.43597,83.692764,-326.77744,384.0649,82.8762,-326.70282,355.58862,85.83976,-344.67432,347.85422,85.927536,-344.6956,340.14075,86.05528,-344.80554,379.90985,85.40752,-188.62376,320.56387,90.4412,-264.91592,378.33862,116.32111,-295.61115,354.47577,117.87743,-317.6312,410.12225,166.69508,-113.4567,266.21796,173.78336,-197.31152,435.343,293.24103,-217.64175,251.62195,309.0015,-325.0704,452.77924,221.11993,-447.5938,230.44255,248.2938,-532.82556,458.0967,199.44562,-491.48923,222.3756,231.27023,-566.6601,459.85992,179.23676,-482.9354,218.29805,210.62312,-562.87537,451.10422,186.39687,-449.16797,227.60614,215.73819,-535.42566,388.19086,352.28232,36.76601,300.1713,362.52344,-35.74607,445.85184,454.12097,-88.48134,316.4645,490.62402,-122.022514,417.63077,496.9504,243.25749,294.20016,537.5831,204.55115,408.28653,500.29575,275.23962,284.6937,539.3075,235.18886,425.25455,536.8174,261.42065,309.94528,580.87976,211.36801
ezgif-frame-183.jpg,standing_right,369.11536,102.266235,-304.19626,370.84674,83.68715,-284.6009,376.3946,83.38875,-284.60083,382.03717,83.01495,-284.5831,354.04868,83.68664,-301.11932,346.45605,83.1857,-301.16736,338.88196,82.72777,-301.21655,377.9624,85.7042,-157.20917,319.52295,86.34253,-229.31743,374.63055,116.03047,-254.7956,351.2176,115.899895,-275.889,404.5465,167.24706,-84.65838,264.12042,168.42967,-167.50641,422.86972,290.75076,-159.0457,244.34718,296.2777,-236.4106,450.55548,233.074,-367.81317,241.70787,282.52417,-388.60278,457.37366,210.44049,-404.61835,244.6469,278.5097,-418.9206,467.24234,192.23392,-402.2878,241.0704,258.83356,-423.50287,455.911,200.07072,-371.8696,245.7517,258.77225,-391.90332,384.29688,358.4631,29.755129,300.0939,366.69324,-28.718723,449.0792,477.85828,-76.05058,309.1949,506.3788,-114.625435,415.8141,520.80383,239.54916,297.5821,551.383,204.5168,404.10828,522.574,271.0345,290.91202,552.11487,234.87029,422.00323,559.6208,263.13034,312.46423,592.75714,217.15092
ezgif-frame-184.jpg,standing_right,367.45877,101.51627,-352.44263,368.78152,83.05244,-329.86237,374.28683,82.41165,-329.82098,379.90326,81.707726,-329.79193,351.7532,84.29893,-345.16,344.23773,84.287735,-345.11703,336.7452,84.35446,-345.1792,377.36404,85.298935,-195.79814,318.46436,89.27167,-255.70595,374.3606,115.18372,-300.57883,351.0408,116.5338,-317.5626,410.12723,168.41418,-121.2952,265.89896,174.65411,-202.56578,425.23923,293.48984,-204.20349,256.4418,311.93393,-319.19992,451.93936,251.16554,-417.46298,260.64236,237.23817,-533.0691,458.12085,238.4898,-452.435,262.82028,216.93484,-569.80676,463.4849,220.39551,-453.68018,255.91608,194.58875,-563.53546,454.23953,224.59236,-422.35004,263.29596,200.80339,-533.7001,383.2884,359.0296,28.707335,297.06137,369.55795,-27.787806,445.33646,451.933,-233.8062,297.66534,513.41534,-162.63017,398.64935,487.8696,134.3582,281.82202,549.9803,178.90015,386.465,488.75537,170.72307,273.82672,549.761,212.76103,400.3295,523.2545,150.23523,294.17096,590.46954,195.87177
ezgif-frame-185.jpg,standing_right,366.5727,97.60486,-330.8346,365.94272,79.71814,-302.0305,370.7046,79.1633,-302.0611,375.59158,78.53685,-302.04764,350.41367,80.85354,-321.2676,343.36676,80.92738,-321.1779,336.319,81.05873,-321.25867,370.7709,82.40132,-159.49539,317.16986,86.44303,-239.64,371.79935,111.55429,-277.04926,350.49487,113.01198,-299.5335,399.21872,167.29703,-67.42367,261.74762,175.09991,-193.37624,400.37927,284.14392,-86.92825,244.13722,311.81818,-254.55147,446.80972,279.91058,-310.59174,285.97455,259.038,-441.3447,459.43655,277.76398,-349.23846,304.90985,248.44699,-486.77057,464.42825,265.4133,-368.85547,296.50732,224.9064,-489.2827,452.86447,265.23035,-324.32095,298.39093,226.91096,-444.10352,383.10403,357.42255,39.932774,299.779,368.38205,-38.80172,435.9044,479.10312,-129.31674,308.50192,503.10242,-97.8244,409.48624,554.5148,171.89775,290.4493,579.4517,171.41302,397.8635,562.59357,198.0427,279.43436,588.0543,195.82619,417.20633,602.94824,136.01277,303.35056,624.02423,128.70659
ezgif-frame-186.jpg,standing_right,363.36603,98.25425,-314.81003,364.5798,81.40251,-288.79483,369.66895,81.2384,-288.85565,374.8556,80.99184,-288.9137,348.84726,81.5128,-304.74963,341.7876,81.22922,-304.68365,334.7291,80.99922,-304.70593,371.5054,86.34324,-157.29794,316.91214,87.05575,-222.8722,369.16058,112.765976,-265.90634,346.84167,112.92178,-284.34857,400.57242,171.50085,-71.59438,262.04758,175.21114,-182.57187,409.72583,285.14304,-111.453186,240.1411,304.93018,-241.7614,443.2905,280.40234,-339.13458,284.7391,270.38962,-434.05267,450.38797,279.36942,-378.06918,306.17633,267.82986,-478.1559,455.12854,264.80228,-392.47354,300.21664,242.90282,-480.41995,444.79352,263.53802,-350.71237,300.09103,242.32178,-435.62585,382.39777,352.1633,35.519855,302.77444,361.592,-34.50505,436.5791,475.6263,-48.158012,315.51736,493.94125,-79.90923,404.34283,535.2972,237.12419,290.24835,564.11774,174.23918,391.5808,540.1093,262.3195,279.2803,572.24347,197.12291,414.9089,580.17334,224.97194,301.92728,604.50006,141.8539
ezgif-frame-187.jpg,standing_right,363.13828,95.011566,-328.96625,363.07657,77.966225,-300.0752,367.89206,77.72046,-300.1509,372.8334,77.385635,-300.17465,347.65268,78.5582,-317.6146,340.69525,78.51823,-317.5431,333.73633,78.534,-317.57883,368.7428,83.18284,-163.06046,315.33487,85.431946,-235.42157,368.6691,110.22315,-277.8474,347.0602,110.914764,-298.1918,398.76352,171.16858,-80.06828,258.07263,176.93,-189.01045,407.37988,287.0332,-108.4358,231.85654,311.21533,-235.98991,446.98242,283.0204,-328.50607,286.3712,285.37457,-415.25522,454.74097,280.63422,-371.36182,310.0517,284.50952,-461.45557,459.1622,266.74078,-386.3567,305.2965,259.5848,-467.17566,449.1242,266.1185,-340.49542,304.1667,258.06845,-418.6717,380.81427,355.70523,36.54035,298.38992,366.5037,-35.50372,433.8224,478.5052,-56.665817,308.3199,504.7964,-80.016136,404.70526,551.975,216.58287,284.20004,575.2272,172.9816,391.57,558.9029,240.07877,272.22836,581.8927,196.09378,415.60495,602.1545,187.5328,295.43292,620.75995,135.05975
ezgif-frame-188.jpg,standing_right,360.0004,97.65959,-333.8232,361.34595,80.368164,-308.6209,366.6264,80.12698,-308.63715,372.00067,79.81207,-308.60718,345.02136,80.83142,-324.91122,337.7317,80.715866,-324.83148,330.44818,80.66649,-324.89447,369.04337,85.68901,-166.05278,312.5505,87.46837,-237.41563,366.2132,112.60254,-279.4319,343.0678,113.352066,-299.5902,396.25943,172.03993,-66.28019,257.47327,177.17374,-181.6403,400.71832,288.81134,-80.72019,236.65553,308.51584,-227.83406,444.2427,285.58957,-299.30328,286.9809,288.09464,-405.82626,454.11942,284.40805,-342.51492,310.48398,290.48566,-451.9187,461.57715,269.2082,-364.81943,306.8704,264.50195,-458.6088,450.6038,268.86246,-314.52148,304.8281,262.2025,-409.10846,380.86737,357.68912,38.191948,298.44638,369.13858,-37.02882,440.9037,471.1385,-144.6096,312.34393,512.9784,-105.87767,408.29333,545.2779,161.5465,285.31662,575.45337,192.83273,396.24573,551.4174,189.2685,275.24356,580.42706,219.6195,418.45142,594.043,134.5172,297.80872,620.01917,163.70834
ezgif-frame-189.jpg,standing_right,357.41498,96.90765,-376.7844,357.60648,79.11046,-349.12863,362.64417,78.6,-349.1905,367.78613,78.0154,-349.21017,341.74448,80.30677,-365.61035,334.75116,80.45417,-365.48523,327.74966,80.6525,-365.50415,365.3318,83.30014,-205.73372,310.29517,87.31021,-275.319,364.32797,110.982925,-322.25076,342.24194,112.510925,-341.69205,398.22983,168.91812,-112.75107,256.07404,175.27357,-220.55945,396.9052,277.78287,-127.40995,229.16393,303.8966,-270.9821,441.2767,295.6821,-351.42346,286.5544,281.0749,-467.1184,449.8569,300.61368,-396.65555,310.53104,281.19275,-520.92664,455.02853,290.2219,-421.67072,306.60004,257.19318,-527.657,444.63797,287.2087,-368.5602,305.4797,254.98221,-471.59888,381.577,351.7885,34.797775,299.3064,361.9853,-33.671116,429.74887,480.0556,-48.974674,307.77002,507.19168,-86.75965,407.72644,550.23694,234.5931,281.80197,571.5376,197.01454,396.53214,556.3611,258.41232,269.23944,575.59235,222.8645,414.5025,599.9126,197.07672,291.16782,619.11487,156.05779
ezgif-frame-190.jpg,standing_right,351.88437,97.80516,-345.90137,351.9446,79.97472,-321.10614,356.99084,79.3596,-321.152,362.15045,78.66731,-321.1171,335.9561,81.31763,-337.54706,328.73602,81.45684,-337.4521,321.5136,81.65314,-337.47916,358.91354,83.480156,-180.564,303.39026,88.13559,-251.22346,358.2645,111.8275,-292.80447,335.71106,113.60992,-312.64954,388.86127,167.9871,-84.05375,248.58427,175.7344,-190.54826,391.15057,281.31494,-85.39454,228.93971,308.56003,-231.35161,447.61963,289.77124,-303.2594,278.0136,281.81808,-416.74637,462.97882,291.95654,-341.38647,301.78488,282.98062,-463.45016,472.05002,280.54498,-372.37473,296.23395,256.2646,-473.95673,458.69147,279.72632,-321.75677,295.0052,254.04453,-422.1697,374.69922,355.75092,35.6192,290.92334,366.79434,-34.498306,438.94,475.7591,-146.21873,302.4925,504.8382,-114.81618,400.94034,550.03455,158.7403,272.18445,576.30066,169.18285,387.13977,556.1253,185.84251,261.5642,582.1858,194.59656,413.05057,598.9536,133.40964,284.22437,623.4072,133.22804
ezgif-frame-191.jpg,standing_right,350.65387,98.74509,-335.38916,350.56866,80.72316,-310.78464,355.6125,80.13322,-310.79565,360.762,79.46503,-310.78467,334.51596,81.92828,-327.86884,327.22955,82.02919,-327.78342,319.953,82.191124,-327.84103,356.7632,84.14952,-173.91809,301.3128,88.50305,-247.99608,356.66833,112.7968,-283.08887,334.08017,114.45156,-304.1112,386.7017,169.81824,-80.5828,246.72993,176.81732,-195.14717,391.97192,289.04825,-96.37535,229.06961,309.11,-242.57253,440.577,285.7753,-305.0239,276.1323,282.85703,-421.30246,452.71872,283.99863,-343.32443,298.1475,282.74335,-466.36795,460.76923,269.61752,-366.82883,293.24985,257.59647,-471.9027,448.68903,269.3039,-320.23325,292.18777,255.81871,-424.23108,371.13757,354.8559,37.98277,289.5123,367.04816,-36.90645,430.7773,469.3297,-133.99217,310.87827,511.9797,-107.98057,401.9371,547.4499,158.52553,285.28564,572.43414,183.4167,390.0285,554.29956,184.76599,275.08624,576.50616,209.64587,414.0004,596.9776,131.34601,299.5208,618.0289,161.42906
ezgif-frame-192.jpg,standing_right,346.57092,99.48218,-329.85052,347.38483,82.122116,-306.5339,352.4836,81.68953,-306.58545,357.6754,81.1843,-306.57767,331.28174,82.93765,-322.36984,324.07828,82.91805,-322.25845,316.87213,82.95739,-322.299,354.33212,86.30339,-168.86137,298.696,89.26864,-237.96468,352.60156,113.664154,-277.15085,329.99228,114.8317,-296.70688,383.75757,169.46881,-79.18691,243.85883,177.91968,-179.53986,387.38843,284.87454,-87.333664,228.04051,308.8346,-231.07266,436.4374,290.78275,-301.74023,270.89578,284.40588,-423.21802,448.17346,293.5385,-343.06705,293.2135,285.58063,-470.56488,456.86118,279.24005,-373.05725,287.43878,259.7486,-480.40555,444.72073,277.79315,-319.36978,286.29022,257.45914,-428.20212,370.30893,355.05667,33.44518,289.04065,368.024,-32.272778,424.42044,468.72202,-121.78843,305.0487,511.03473,-101.83833,406.50037,550.52655,160.79716,282.87524,575.2782,193.38,396.84546,558.79553,185.142,274.22168,580.79816,218.91895,419.38058,596.27216,120.21332,298.9844,617.48975,159.30246
